candidate,corner,duty,trip_time_s_median,ruler_trip_time_s_median,pct_vs_ruler_median_of_medians,paired_pct_min,paired_pct_median,paired_pct_max,r38_gate_pct,is_design_duty,gate_applied_by
S0R,cold_minus10C,GH-REG-165,9793.3,9793.3,0,0,0,0,5,True,LEAD_APPLIES_R38
S0R,cold_minus10C,LH-520,21958.4,21958.4,0,0,0,0,5,False,LEAD_APPLIES_R38
S0R,grade_heavy,GH-REG-165,9776.05,9776.05,0,0,0,0,5,True,LEAD_APPLIES_R38
S0R,grade_heavy,LH-520,22377.7,22377.7,0,0,0,0,5,False,LEAD_APPLIES_R38
S0R,hot_alt_2000m_45C,GH-REG-165,9841.15,9841.15,0,0,0,0,5,True,LEAD_APPLIES_R38
S0R,hot_alt_2000m_45C,LH-520,22007.8,22007.8,0,0,0,0,5,False,LEAD_APPLIES_R38
S0R,nominal,GH-REG-165,9776.05,9776.05,0,0,0,0,5,True,LEAD_APPLIES_R38
S0R,nominal,LH-520,21896.4,21896.4,0,0,0,0,5,False,LEAD_APPLIES_R38
S0R,payload_minus20,GH-REG-165,9669.95,9669.95,0,0,0,0,5,True,LEAD_APPLIES_R38
S0R,payload_minus20,LH-520,21665,21665,0,0,0,0,5,False,LEAD_APPLIES_R38
S0R,payload_plus20,GH-REG-165,9900.9,9900.9,0,0,0,0,5,True,LEAD_APPLIES_R38
S0R,payload_plus20,LH-520,22177.8,22177.8,0,0,0,0,5,False,LEAD_APPLIES_R38
S4p,cold_minus10C,GH-REG-165,9540.4,9793.3,-2.58238,-3.01195,-2.70704,-1.96788,5,True,LEAD_APPLIES_R38
S4p,cold_minus10C,LH-520,21352.9,21958.4,-2.75771,-3.50553,-2.75717,-2.21786,5,False,LEAD_APPLIES_R38
S4p,grade_heavy,GH-REG-165,9530,9776.05,-2.51687,-2.98141,-2.64932,-1.89197,5,True,LEAD_APPLIES_R38
S4p,grade_heavy,LH-520,21428.8,22377.7,-4.24017,-5.28266,-4.23986,-3.28146,5,False,LEAD_APPLIES_R38
S4p,hot_alt_2000m_45C,GH-REG-165,9543.05,9841.15,-3.02912,-3.4449,-3.14138,-2.32657,5,True,LEAD_APPLIES_R38
S4p,hot_alt_2000m_45C,LH-520,21343.5,22007.8,-3.01892,-3.67981,-3.01876,-2.48152,5,False,LEAD_APPLIES_R38
S4p,nominal,GH-REG-165,9530,9776.05,-2.51687,-2.98141,-2.64932,-1.89197,5,True,LEAD_APPLIES_R38
S4p,nominal,LH-520,21327.1,21896.4,-2.6002,-3.24146,-2.59992,-2.12134,5,False,LEAD_APPLIES_R38
S4p,payload_minus20,GH-REG-165,9469.45,9669.95,-2.07343,-2.46647,-2.12187,-1.47944,5,True,LEAD_APPLIES_R38
S4p,payload_minus20,LH-520,21227.3,21665,-2.02008,-2.58003,-2.02043,-1.62109,5,False,LEAD_APPLIES_R38
S4p,payload_plus20,GH-REG-165,9593.55,9900.9,-3.10426,-3.56718,-3.24036,-2.69025,5,True,LEAD_APPLIES_R38
S4p,payload_plus20,LH-520,21448.4,22177.8,-3.28909,-3.96758,-3.31015,-2.68363,5,False,LEAD_APPLIES_R38
S5-13L,cold_minus10C,GH-REG-165,10442.4,9793.3,6.62749,3.65464,5.48401,8.37863,5,True,LEAD_APPLIES_R38
S5-13L,cold_minus10C,LH-520,21991.5,21958.4,0.15074,-0.166029,0.083127,0.187612,5,False,LEAD_APPLIES_R38
S5-13L,grade_heavy,GH-REG-165,10369.7,9776.05,6.07249,2.80938,4.94875,7.93598,5,True,LEAD_APPLIES_R38
S5-13L,grade_heavy,LH-520,22358,22377.7,-0.0878108,-0.387834,-0.0362279,0.388744,5,False,LEAD_APPLIES_R38
S5-13L,hot_alt_2000m_45C,GH-REG-165,10479.1,9841.15,6.48247,3.6485,5.52111,7.87286,5,True,LEAD_APPLIES_R38
S5-13L,hot_alt_2000m_45C,LH-520,22019.6,22007.8,0.05339,-0.268246,-0.0557619,0.0647819,5,False,LEAD_APPLIES_R38
S5-13L,nominal,GH-REG-165,10369.7,9776.05,6.07249,2.80938,4.94875,7.93598,5,True,LEAD_APPLIES_R38
S5-13L,nominal,LH-520,21871.2,21896.4,-0.115087,-0.525734,-0.15506,-0.0633092,5,False,LEAD_APPLIES_R38
S5-13L,payload_minus20,GH-REG-165,9910.1,9669.95,2.48347,0.110464,2.16474,5.74152,5,True,LEAD_APPLIES_R38
S5-13L,payload_minus20,LH-520,21607.2,21665,-0.266559,-0.573523,-0.275522,-0.115678,5,False,LEAD_APPLIES_R38
S5-13L,payload_plus20,GH-REG-165,10663.7,9900.9,7.70385,4.56962,6.81645,9.2229,5,True,LEAD_APPLIES_R38
S5-13L,payload_plus20,LH-520,22223.1,22177.8,0.204032,-0.0902389,0.140305,0.609314,5,False,LEAD_APPLIES_R38
S5,cold_minus10C,GH-REG-165,11148.7,9793.3,13.8396,8.57902,12.1736,15.7084,5,True,LEAD_APPLIES_R38
S5,cold_minus10C,LH-520,22843.8,21958.4,4.03194,3.16127,4.06894,5.05053,5,False,LEAD_APPLIES_R38
S5,grade_heavy,GH-REG-165,11023.2,9776.05,12.7572,7.69566,11.0604,14.6802,5,True,LEAD_APPLIES_R38
S5,grade_heavy,LH-520,23597.2,22377.7,5.44986,4.36487,5.59347,6.84003,5,False,LEAD_APPLIES_R38
S5,hot_alt_2000m_45C,GH-REG-165,11185.2,9841.15,13.6574,8.52696,12.8111,15.1004,5,True,LEAD_APPLIES_R38
S5,hot_alt_2000m_45C,LH-520,22913.1,22007.8,4.11331,3.11865,4.11287,4.92552,5,False,LEAD_APPLIES_R38
S5,nominal,GH-REG-165,11023.2,9776.05,12.7572,7.69566,11.0604,14.6802,5,True,LEAD_APPLIES_R38
S5,nominal,LH-520,22632.4,21896.4,3.36128,2.65317,3.39685,4.12645,5,False,LEAD_APPLIES_R38
S5,payload_minus20,GH-REG-165,10413.7,9669.95,7.69135,2.71248,7.18338,11.4301,5,True,LEAD_APPLIES_R38
S5,payload_minus20,LH-520,22210.5,21665,2.51766,1.99911,2.65278,3.32743,5,False,LEAD_APPLIES_R38
S5,payload_plus20,GH-REG-165,11458.8,9900.9,15.7349,9.72738,14.9618,17.1506,5,True,LEAD_APPLIES_R38
S5,payload_plus20,LH-520,23151.3,22177.8,4.38929,3.47006,4.62007,5.58285,5,False,LEAD_APPLIES_R38
S6,cold_minus10C,GH-REG-165,9821.2,9793.3,0.284889,0.118338,0.288525,0.396805,5,True,LEAD_APPLIES_R38
S6,cold_minus10C,LH-520,22043.5,21958.4,0.387551,0.107752,0.369051,0.452487,5,False,LEAD_APPLIES_R38
S6,grade_heavy,GH-REG-165,9797.85,9776.05,0.222994,0.076533,0.224046,0.370165,5,True,LEAD_APPLIES_R38
S6,grade_heavy,LH-520,22491.2,22377.7,0.507202,0.155802,0.420354,0.58334,5,False,LEAD_APPLIES_R38
S6,hot_alt_2000m_45C,GH-REG-165,9866.25,9841.15,0.255051,0.164104,0.255076,0.53026,5,True,LEAD_APPLIES_R38
S6,hot_alt_2000m_45C,LH-520,22085.8,22007.8,0.354192,0.057813,0.347763,0.374332,5,False,LEAD_APPLIES_R38
S6,nominal,GH-REG-165,9797.85,9776.05,0.222994,0.076533,0.224046,0.370165,5,True,LEAD_APPLIES_R38
S6,nominal,LH-520,21992.2,21896.4,0.437286,0.187308,0.357883,0.462083,5,False,LEAD_APPLIES_R38
S6,payload_minus20,GH-REG-165,9687.5,9669.95,0.18149,0.0807348,0.206128,0.330248,5,True,LEAD_APPLIES_R38
S6,payload_minus20,LH-520,21749.7,21665,0.390953,0.0767669,0.266754,0.45615,5,False,LEAD_APPLIES_R38
S6,payload_plus20,GH-REG-165,9931.85,9900.9,0.312598,0.172449,0.278841,0.370131,5,True,LEAD_APPLIES_R38
S6,payload_plus20,LH-520,22266.2,22177.8,0.39837,0.0978153,0.398396,0.458606,5,False,LEAD_APPLIES_R38
S7,cold_minus10C,GH-REG-165,9772.35,9793.3,-0.213922,-0.284311,-0.218982,-0.185553,5,True,LEAD_APPLIES_R38
S7,cold_minus10C,LH-520,21910.8,21958.4,-0.217001,-0.273877,-0.211151,-0.146695,5,False,LEAD_APPLIES_R38
S7,grade_heavy,GH-REG-165,9744.9,9776.05,-0.318636,-0.396598,-0.275473,-0.25247,5,True,LEAD_APPLIES_R38
S7,grade_heavy,LH-520,22280.5,22377.7,-0.434362,-0.591318,-0.460437,-0.393255,5,False,LEAD_APPLIES_R38
S7,hot_alt_2000m_45C,GH-REG-165,9806.4,9841.15,-0.353109,-0.40024,-0.28933,-0.203079,5,True,LEAD_APPLIES_R38
S7,hot_alt_2000m_45C,LH-520,21953.9,22007.8,-0.24514,-0.308498,-0.294127,-0.190696,5,False,LEAD_APPLIES_R38
S7,nominal,GH-REG-165,9744.9,9776.05,-0.318636,-0.396598,-0.275473,-0.25247,5,True,LEAD_APPLIES_R38
S7,nominal,LH-520,21833.5,21896.4,-0.287262,-0.428099,-0.287178,-0.201257,5,False,LEAD_APPLIES_R38
S7,payload_minus20,GH-REG-165,9646.4,9669.95,-0.243538,-0.31671,-0.22652,-0.116595,5,True,LEAD_APPLIES_R38
S7,payload_minus20,LH-520,21621.4,21665,-0.201246,-0.290681,-0.20125,-0.136963,5,False,LEAD_APPLIES_R38
S7,payload_plus20,GH-REG-165,9860.65,9900.9,-0.406529,-0.642628,-0.432643,-0.322449,5,True,LEAD_APPLIES_R38
S7,payload_plus20,LH-520,22072.6,22177.8,-0.474798,-0.51228,-0.423559,-0.333056,5,False,LEAD_APPLIES_R38
