# WS4-CONSTRUCTED PM generator efficiency map (shaft -> DC bus, incl. active rectifier) - NOT measured
# generator: GEN-V2 IPM 135, cont 135.0 kW shaft in, loss model c_h=0.5, c_e=0.7, k_cu=0.0612 kW/(100Nm)^2, pe0=0.15 kW + 1% of P_elec
# G1-R/R10 restatement: DC side on the pack-native window (662.4 V nominal, 432.0-748.8 V operating, 777.6 V 10-s transient), 1200 V-class SiC rectifier devices; loss coefficients carried unchanged at the new window [WS4-DECLARED, confirm at procurement]. Per R12 this genset-side rectifier/conditioning stage lives in WS4's ledger; no scalar PE member exists on the traction side.
rpm,p_shaft_kW,eta_shaft_to_bus
600,2.0,0.7918
600,3.8,0.8808
600,5.5,0.9112
600,7.3,0.9255
600,9.1,0.9332
600,10.9,0.9375
600,12.6,0.9398
600,14.4,0.9409
600,16.2,0.9411
600,18.0,0.9408
600,19.7,0.9400
600,21.5,0.9389
600,23.3,0.9376
600,25.0,0.9361
600,26.8,0.9344
600,28.6,0.9326
600,30.4,0.9306
600,32.1,0.9286
600,33.9,0.9265
600,35.7,0.9244
600,37.5,0.9222
600,39.2,0.9199
600,41.0,0.9176
600,42.8,0.9153
600,44.5,0.9130
600,46.3,0.9106
600,48.1,0.9082
600,49.9,0.9057
600,51.6,0.9033
600,53.4,0.9008
700,2.0,0.7649
700,4.1,0.8762
700,6.2,0.9108
700,8.2,0.9267
700,10.3,0.9353
700,12.4,0.9402
700,14.5,0.9430
700,16.6,0.9445
700,18.6,0.9452
700,20.7,0.9452
700,22.8,0.9448
700,24.9,0.9441
700,27.0,0.9432
700,29.0,0.9420
700,31.1,0.9407
700,33.2,0.9392
700,35.3,0.9377
700,37.4,0.9360
700,39.4,0.9343
700,41.5,0.9325
700,43.6,0.9307
700,45.7,0.9288
700,47.8,0.9269
700,49.8,0.9250
700,51.9,0.9230
700,54.0,0.9210
700,56.1,0.9189
700,58.1,0.9169
700,60.2,0.9148
700,62.3,0.9127
800,2.0,0.7357
800,4.4,0.8711
800,6.8,0.9096
800,9.2,0.9270
800,11.5,0.9364
800,13.9,0.9418
800,16.3,0.9450
800,18.7,0.9469
800,21.1,0.9479
800,23.5,0.9483
800,25.9,0.9482
800,28.3,0.9478
800,30.6,0.9472
800,33.0,0.9463
800,35.4,0.9453
800,37.8,0.9441
800,40.2,0.9428
800,42.6,0.9415
800,45.0,0.9400
800,47.3,0.9385
800,49.7,0.9370
800,52.1,0.9354
800,54.5,0.9338
800,56.9,0.9321
800,59.3,0.9304
800,61.7,0.9287
800,64.0,0.9269
800,66.4,0.9251
800,68.8,0.9233
800,71.2,0.9215
900,2.0,0.7041
900,4.7,0.8656
900,7.4,0.9080
900,10.1,0.9267
900,12.8,0.9368
900,15.5,0.9427
900,18.2,0.9464
900,20.9,0.9486
900,23.5,0.9499
900,26.2,0.9505
900,28.9,0.9507
900,31.6,0.9505
900,34.3,0.9501
900,37.0,0.9495
900,39.7,0.9487
900,42.4,0.9477
900,45.1,0.9467
900,47.8,0.9456
900,50.5,0.9444
900,53.2,0.9431
900,55.9,0.9418
900,58.6,0.9404
900,61.3,0.9390
900,63.9,0.9376
900,66.6,0.9361
900,69.3,0.9346
900,72.0,0.9331
900,74.7,0.9315
900,77.4,0.9299
900,80.1,0.9283
1000,2.0,0.6703
1000,5.0,0.8599
1000,8.0,0.9060
1000,11.0,0.9261
1000,14.0,0.9368
1000,17.0,0.9432
1000,20.0,0.9472
1000,23.0,0.9497
1000,26.0,0.9512
1000,29.0,0.9521
1000,32.0,0.9525
1000,35.0,0.9525
1000,38.0,0.9523
1000,41.0,0.9519
1000,44.0,0.9513
1000,47.0,0.9506
1000,50.0,0.9497
1000,53.0,0.9488
1000,56.0,0.9478
1000,59.0,0.9467
1000,62.0,0.9456
1000,65.0,0.9444
1000,68.0,0.9431
1000,71.0,0.9419
1000,74.0,0.9406
1000,77.0,0.9393
1000,80.0,0.9379
1000,83.0,0.9366
1000,86.0,0.9352
1000,89.0,0.9338
1100,2.0,0.6342
1100,5.3,0.8539
1100,8.6,0.9038
1100,11.9,0.9251
1100,15.2,0.9365
1100,18.5,0.9433
1100,21.8,0.9476
1100,25.2,0.9504
1100,28.5,0.9522
1100,31.8,0.9532
1100,35.1,0.9538
1100,38.4,0.9541
1100,41.7,0.9540
1100,45.0,0.9538
1100,48.3,0.9533
1100,51.6,0.9528
1100,54.9,0.9521
1100,58.2,0.9513
1100,61.5,0.9505
1100,64.8,0.9495
1100,68.1,0.9486
1100,71.5,0.9475
1100,74.8,0.9465
1100,78.1,0.9454
1100,81.4,0.9442
1100,84.7,0.9430
1100,88.0,0.9418
1100,91.3,0.9406
1100,94.6,0.9394
1100,97.9,0.9381
1200,2.0,0.5960
1200,5.6,0.8478
1200,9.2,0.9013
1200,12.8,0.9239
1200,16.5,0.9360
1200,20.1,0.9432
1200,23.7,0.9478
1200,27.3,0.9508
1200,30.9,0.9528
1200,34.5,0.9541
1200,38.1,0.9548
1200,41.8,0.9552
1200,45.4,0.9554
1200,49.0,0.9552
1200,52.6,0.9550
1200,56.2,0.9545
1200,59.8,0.9540
1200,63.4,0.9534
1200,67.1,0.9526
1200,70.7,0.9519
1200,74.3,0.9510
1200,77.9,0.9501
1200,81.5,0.9492
1200,85.1,0.9482
1200,88.7,0.9472
1200,92.4,0.9461
1200,96.0,0.9451
1200,99.6,0.9440
1200,103.2,0.9429
1200,106.8,0.9417
1300,2.0,0.5557
1300,5.9,0.8416
1300,9.8,0.8987
1300,13.8,0.9226
1300,17.7,0.9353
1300,21.6,0.9429
1300,25.5,0.9478
1300,29.4,0.9510
1300,33.4,0.9532
1300,37.3,0.9546
1300,41.2,0.9556
1300,45.1,0.9561
1300,49.1,0.9564
1300,53.0,0.9564
1300,56.9,0.9562
1300,60.8,0.9559
1300,64.7,0.9555
1300,68.7,0.9550
1300,72.6,0.9544
1300,76.5,0.9537
1300,80.4,0.9530
1300,84.3,0.9522
1300,88.3,0.9514
1300,92.2,0.9505
1300,96.1,0.9496
1300,100.0,0.9487
1300,104.0,0.9478
1300,107.9,0.9468
1300,111.8,0.9458
1300,115.7,0.9448
1400,2.0,0.5131
1400,6.2,0.8354
1400,10.5,0.8960
1400,14.7,0.9211
1400,18.9,0.9344
1400,23.1,0.9424
1400,27.4,0.9476
1400,31.6,0.9510
1400,35.8,0.9534
1400,40.1,0.9550
1400,44.3,0.9561
1400,48.5,0.9568
1400,52.7,0.9572
1400,57.0,0.9573
1400,61.2,0.9573
1400,65.4,0.9571
1400,69.7,0.9568
1400,73.9,0.9564
1400,78.1,0.9559
1400,82.3,0.9553
1400,86.6,0.9547
1400,90.8,0.9540
1400,95.0,0.9533
1400,99.2,0.9525
1400,103.5,0.9517
1400,107.7,0.9509
1400,111.9,0.9500
1400,116.2,0.9491
1400,120.4,0.9482
1400,124.6,0.9473
1500,2.0,0.4684
1500,6.5,0.8290
1500,11.1,0.8932
1500,15.6,0.9195
1500,20.1,0.9334
1500,24.7,0.9418
1500,29.2,0.9472
1500,33.7,0.9509
1500,38.3,0.9535
1500,42.8,0.9552
1500,47.4,0.9565
1500,51.9,0.9573
1500,56.4,0.9578
1500,61.0,0.9580
1500,65.5,0.9581
1500,70.0,0.9580
1500,74.6,0.9578
1500,79.1,0.9575
1500,83.6,0.9571
1500,88.2,0.9566
1500,92.7,0.9561
1500,97.2,0.9555
1500,101.8,0.9549
1500,106.3,0.9542
1500,110.8,0.9535
1500,115.4,0.9527
1500,119.9,0.9520
1500,124.4,0.9512
1500,129.0,0.9503
1500,133.5,0.9495
1600,2.0,0.4216
1600,6.8,0.8226
1600,11.7,0.8903
1600,16.5,0.9178
1600,21.4,0.9323
1600,26.2,0.9411
1600,31.1,0.9468
1600,35.9,0.9507
1600,40.7,0.9534
1600,45.6,0.9553
1600,50.4,0.9567
1600,55.3,0.9576
1600,60.1,0.9582
1600,64.9,0.9586
1600,69.8,0.9588
1600,74.6,0.9588
1600,79.5,0.9586
1600,84.3,0.9584
1600,89.2,0.9581
1600,94.0,0.9577
1600,98.8,0.9573
1600,103.7,0.9568
1600,108.5,0.9562
1600,113.4,0.9556
1600,118.2,0.9550
1600,123.1,0.9543
1600,127.9,0.9536
1600,132.7,0.9529
1600,137.6,0.9521
1600,142.4,0.9514
1700,2.0,0.3726
1700,7.1,0.8161
1700,12.3,0.8874
1700,17.4,0.9160
1700,22.6,0.9312
1700,27.7,0.9403
1700,32.9,0.9463
1700,38.0,0.9504
1700,43.2,0.9533
1700,48.3,0.9553
1700,53.5,0.9568
1700,58.6,0.9578
1700,63.8,0.9586
1700,68.9,0.9590
1700,74.1,0.9593
1700,79.2,0.9594
1700,84.4,0.9593
1700,89.5,0.9592
1700,94.7,0.9590
1700,99.8,0.9586
1700,105.0,0.9583
1700,110.1,0.9578
1700,115.3,0.9574
1700,120.4,0.9568
1700,125.6,0.9563
1700,130.7,0.9557
1700,135.9,0.9550
1700,141.0,0.9544
1700,146.2,0.9537
1700,151.3,0.9530
1800,2.0,0.3214
1800,7.3,0.8052
1800,12.6,0.8815
1800,17.8,0.9121
1800,23.1,0.9283
1800,28.4,0.9382
1800,33.7,0.9446
1800,38.9,0.9491
1800,44.2,0.9523
1800,49.5,0.9546
1800,54.8,0.9564
1800,60.0,0.9576
1800,65.3,0.9585
1800,70.6,0.9591
1800,75.9,0.9595
1800,81.1,0.9598
1800,86.4,0.9599
1800,91.7,0.9599
1800,97.0,0.9598
1800,102.2,0.9596
1800,107.5,0.9593
1800,112.8,0.9590
1800,118.1,0.9586
1800,123.3,0.9582
1800,128.6,0.9578
1800,133.9,0.9573
1800,139.2,0.9568
1800,144.4,0.9562
1800,149.7,0.9556
1800,155.0,0.9550
1900,2.0,0.2682
1900,7.3,0.7906
1900,12.6,0.8732
1900,17.8,0.9064
1900,23.1,0.9241
1900,28.4,0.9349
1900,33.7,0.9421
1900,38.9,0.9471
1900,44.2,0.9507
1900,49.5,0.9534
1900,54.8,0.9554
1900,60.0,0.9569
1900,65.3,0.9580
1900,70.6,0.9588
1900,75.9,0.9595
1900,81.1,0.9599
1900,86.4,0.9602
1900,91.7,0.9603
1900,97.0,0.9604
1900,102.2,0.9603
1900,107.5,0.9602
1900,112.8,0.9600
1900,118.1,0.9598
1900,123.3,0.9595
1900,128.6,0.9592
1900,133.9,0.9588
1900,139.2,0.9584
1900,144.4,0.9580
1900,149.7,0.9575
1900,155.0,0.9571
2000,2.0,0.2127
2000,7.3,0.7755
2000,12.6,0.8645
2000,17.8,0.9005
2000,23.1,0.9196
2000,28.4,0.9314
2000,33.7,0.9393
2000,38.9,0.9448
2000,44.2,0.9488
2000,49.5,0.9519
2000,54.8,0.9542
2000,60.0,0.9559
2000,65.3,0.9573
2000,70.6,0.9583
2000,75.9,0.9591
2000,81.1,0.9597
2000,86.4,0.9602
2000,91.7,0.9605
2000,97.0,0.9607
2000,102.2,0.9608
2000,107.5,0.9608
2000,112.8,0.9607
2000,118.1,0.9606
2000,123.3,0.9605
2000,128.6,0.9602
2000,133.9,0.9600
2000,139.2,0.9597
2000,144.4,0.9594
2000,149.7,0.9590
2000,155.0,0.9587
2100,2.0,0.1551
2100,7.3,0.7597
2100,12.6,0.8555
2100,17.8,0.8942
2100,23.1,0.9149
2100,28.4,0.9277
2100,33.7,0.9363
2100,38.9,0.9423
2100,44.2,0.9468
2100,49.5,0.9502
2100,54.8,0.9528
2100,60.0,0.9548
2100,65.3,0.9564
2100,70.6,0.9576
2100,75.9,0.9586
2100,81.1,0.9594
2100,86.4,0.9600
2100,91.7,0.9604
2100,97.0,0.9607
2100,102.2,0.9610
2100,107.5,0.9611
2100,112.8,0.9612
2100,118.1,0.9612
2100,123.3,0.9611
2100,128.6,0.9610
2100,133.9,0.9609
2100,139.2,0.9607
2100,144.4,0.9604
2100,149.7,0.9602
2100,155.0,0.9599
2200,2.0,0.0954
2200,7.3,0.7434
2200,12.6,0.8461
2200,17.8,0.8877
2200,23.1,0.9100
2200,28.4,0.9238
2200,33.7,0.9331
2200,38.9,0.9397
2200,44.2,0.9446
2200,49.5,0.9483
2200,54.8,0.9512
2200,60.0,0.9534
2200,65.3,0.9553
2200,70.6,0.9567
2200,75.9,0.9579
2200,81.1,0.9588
2200,86.4,0.9595
2200,91.7,0.9601
2200,97.0,0.9606
2200,102.2,0.9609
2200,107.5,0.9612
2200,112.8,0.9614
2200,118.1,0.9615
2200,123.3,0.9615
2200,128.6,0.9615
2200,133.9,0.9615
2200,139.2,0.9614
2200,144.4,0.9612
2200,149.7,0.9611
2200,155.0,0.9609
2300,2.0,0.0336
2300,7.3,0.7265
2300,12.6,0.8364
2300,17.8,0.8810
2300,23.1,0.9049
2300,28.4,0.9197
2300,33.7,0.9298
2300,38.9,0.9369
2300,44.2,0.9422
2300,49.5,0.9463
2300,54.8,0.9495
2300,60.0,0.9520
2300,65.3,0.9540
2300,70.6,0.9556
2300,75.9,0.9570
2300,81.1,0.9581
2300,86.4,0.9589
2300,91.7,0.9597
2300,97.0,0.9602
2300,102.2,0.9607
2300,107.5,0.9611
2300,112.8,0.9614
2300,118.1,0.9616
2300,123.3,0.9617
2300,128.6,0.9618
2300,133.9,0.9618
2300,139.2,0.9618
2300,144.4,0.9618
2300,149.7,0.9617
2300,155.0,0.9616
2400,2.0,0.0000
2400,7.3,0.7089
2400,12.6,0.8263
2400,17.8,0.8739
2400,23.1,0.8996
2400,28.4,0.9155
2400,33.7,0.9262
2400,38.9,0.9339
2400,44.2,0.9397
2400,49.5,0.9441
2400,54.8,0.9476
2400,60.0,0.9503
2400,65.3,0.9526
2400,70.6,0.9544
2400,75.9,0.9559
2400,81.1,0.9572
2400,86.4,0.9582
2400,91.7,0.9590
2400,97.0,0.9598
2400,102.2,0.9603
2400,107.5,0.9608
2400,112.8,0.9612
2400,118.1,0.9615
2400,123.3,0.9617
2400,128.6,0.9619
2400,133.9,0.9620
2400,139.2,0.9621
2400,144.4,0.9621
2400,149.7,0.9621
2400,155.0,0.9621
2500,2.0,0.0000
2500,7.3,0.6908
2500,12.6,0.8159
2500,17.8,0.8666
2500,23.1,0.8940
2500,28.4,0.9110
2500,33.7,0.9226
2500,38.9,0.9308
2500,44.2,0.9370
2500,49.5,0.9418
2500,54.8,0.9456
2500,60.0,0.9486
2500,65.3,0.9511
2500,70.6,0.9531
2500,75.9,0.9547
2500,81.1,0.9561
2500,86.4,0.9573
2500,91.7,0.9583
2500,97.0,0.9591
2500,102.2,0.9598
2500,107.5,0.9604
2500,112.8,0.9609
2500,118.1,0.9613
2500,123.3,0.9616
2500,128.6,0.9618
2500,133.9,0.9620
2500,139.2,0.9622
2500,144.4,0.9623
2500,149.7,0.9623
2500,155.0,0.9624
2600,2.0,0.0000
2600,7.3,0.6721
2600,12.6,0.8051
2600,17.8,0.8591
2600,23.1,0.8882
2600,28.4,0.9064
2600,33.7,0.9187
2600,38.9,0.9276
2600,44.2,0.9342
2600,49.5,0.9394
2600,54.8,0.9434
2600,60.0,0.9467
2600,65.3,0.9494
2600,70.6,0.9516
2600,75.9,0.9535
2600,81.1,0.9550
2600,86.4,0.9563
2600,91.7,0.9574
2600,97.0,0.9584
2600,102.2,0.9592
2600,107.5,0.9598
2600,112.8,0.9604
2600,118.1,0.9609
2600,123.3,0.9613
2600,128.6,0.9616
2600,133.9,0.9619
2600,139.2,0.9621
2600,144.4,0.9623
2600,149.7,0.9624
2600,155.0,0.9625
2700,2.0,0.0000
2700,7.3,0.6527
2700,12.6,0.7939
2700,17.8,0.8513
2700,23.1,0.8823
2700,28.4,0.9016
2700,33.7,0.9147
2700,38.9,0.9242
2700,44.2,0.9313
2700,49.5,0.9368
2700,54.8,0.9412
2700,60.0,0.9447
2700,65.3,0.9476
2700,70.6,0.9500
2700,75.9,0.9520
2700,81.1,0.9537
2700,86.4,0.9552
2700,91.7,0.9564
2700,97.0,0.9575
2700,102.2,0.9584
2700,107.5,0.9592
2700,112.8,0.9598
2700,118.1,0.9604
2700,123.3,0.9609
2700,128.6,0.9613
2700,133.9,0.9616
2700,139.2,0.9619
2700,144.4,0.9622
2700,149.7,0.9624
2700,155.0,0.9625
2800,2.0,0.0000
2800,7.3,0.6328
2800,12.6,0.7824
2800,17.8,0.8432
2800,23.1,0.8761
2800,28.4,0.8966
2800,33.7,0.9106
2800,38.9,0.9207
2800,44.2,0.9283
2800,49.5,0.9342
2800,54.8,0.9388
2800,60.0,0.9426
2800,65.3,0.9458
2800,70.6,0.9484
2800,75.9,0.9505
2800,81.1,0.9524
2800,86.4,0.9540
2800,91.7,0.9553
2800,97.0,0.9565
2800,102.2,0.9575
2800,107.5,0.9584
2800,112.8,0.9591
2800,118.1,0.9598
2800,123.3,0.9604
2800,128.6,0.9609
2800,133.9,0.9613
2800,139.2,0.9616
2800,144.4,0.9619
2800,149.7,0.9622
2800,155.0,0.9624
2900,2.0,0.0000
2900,7.3,0.6123
2900,12.6,0.7706
2900,17.8,0.8349
2900,23.1,0.8698
2900,28.4,0.8915
2900,33.7,0.9063
2900,38.9,0.9170
2900,44.2,0.9251
2900,49.5,0.9314
2900,54.8,0.9364
2900,60.0,0.9404
2900,65.3,0.9438
2900,70.6,0.9466
2900,75.9,0.9489
2900,81.1,0.9509
2900,86.4,0.9527
2900,91.7,0.9541
2900,97.0,0.9554
2900,102.2,0.9565
2900,107.5,0.9575
2900,112.8,0.9584
2900,118.1,0.9591
2900,123.3,0.9597
2900,128.6,0.9603
2900,133.9,0.9608
2900,139.2,0.9612
2900,144.4,0.9616
2900,149.7,0.9619
2900,155.0,0.9622
3000,2.0,0.0000
3000,7.3,0.5912
3000,12.6,0.7584
3000,17.8,0.8264
3000,23.1,0.8632
3000,28.4,0.8862
3000,33.7,0.9019
3000,38.9,0.9132
3000,44.2,0.9218
3000,49.5,0.9285
3000,54.8,0.9338
3000,60.0,0.9381
3000,65.3,0.9417
3000,70.6,0.9447
3000,75.9,0.9472
3000,81.1,0.9494
3000,86.4,0.9512
3000,91.7,0.9529
3000,97.0,0.9543
3000,102.2,0.9555
3000,107.5,0.9565
3000,112.8,0.9575
3000,118.1,0.9583
3000,123.3,0.9590
3000,128.6,0.9597
3000,133.9,0.9602
3000,139.2,0.9607
3000,144.4,0.9612
3000,149.7,0.9615
3000,155.0,0.9619
