t_s,v_kmh,grade_pct,P_wheel_kW,fuel_g_per_s,SOC
3300.0000,0.0000,0.0000,0.0000,0.0000,0.4891
3300.1000,0.0000,0.0000,0.0000,0.0000,0.4891
3300.2000,0.0000,0.0000,0.0000,0.0000,0.4891
3300.3000,0.0000,0.0000,0.0000,0.0000,0.4891
3300.4000,0.0000,0.0000,0.0000,0.0000,0.4891
3300.5000,0.0000,0.0000,0.0000,0.0000,0.4891
3300.6000,0.0000,0.0000,0.0000,0.0000,0.4891
3300.7000,0.0000,0.0000,0.0000,0.0000,0.4891
3300.8000,0.0000,0.0000,0.0000,0.0000,0.4891
3300.9000,0.0000,0.0000,0.0000,0.0000,0.4891
3301.0000,0.0000,0.0000,0.0000,0.0000,0.4891
3301.1000,0.0000,0.0000,0.0000,0.0000,0.4891
3301.2000,0.0000,0.0000,0.0000,0.0000,0.4891
3301.3000,0.0000,0.0000,0.0000,0.0000,0.4890
3301.4000,0.0000,0.0000,0.0000,0.0000,0.4890
3301.5000,0.0000,0.0000,0.0000,0.0000,0.4890
3301.6000,0.0000,0.0000,0.0000,0.0000,0.4890
3301.7000,0.0000,0.0000,0.0000,0.0000,0.4890
3301.8000,0.0000,0.0000,0.0000,0.0000,0.4890
3301.9000,0.0000,0.0000,0.0000,0.0000,0.4890
3302.0000,0.0000,0.0000,0.0000,0.0000,0.4890
3302.1000,0.0000,0.0000,0.0000,0.0000,0.4890
3302.2000,0.0000,0.0000,0.0000,0.0000,0.4890
3302.3000,0.0000,0.0000,0.0000,0.0000,0.4890
3302.4000,0.0000,0.0000,0.0000,0.0000,0.4890
3302.5000,0.0000,0.0000,0.0000,0.0000,0.4890
3302.6000,0.0000,0.0000,0.0000,0.0000,0.4890
3302.7000,0.0000,0.0000,0.0000,0.0000,0.4890
3302.8000,0.0000,0.0000,0.0000,0.0000,0.4890
3302.9000,0.0000,0.0000,0.0000,0.0000,0.4890
3303.0000,0.0000,0.0000,0.0000,0.0000,0.4890
3303.1000,0.0000,0.0000,0.0000,0.0000,0.4890
3303.2000,0.0000,0.0000,0.0000,0.0000,0.4889
3303.3000,0.0000,0.0000,0.0000,0.0000,0.4889
3303.4000,0.0000,0.0000,0.0000,0.0000,0.4889
3303.5000,0.0000,0.0000,0.0000,0.0000,0.4889
3303.6000,0.0000,0.0000,0.0000,0.0000,0.4889
3303.7000,0.0000,0.0000,0.0000,0.0000,0.4889
3303.8000,0.0000,0.0000,0.0000,0.0000,0.4889
3303.9000,0.0000,0.0000,0.0000,0.0000,0.4889
3304.0000,0.0000,0.0000,0.0000,0.0000,0.4889
3304.1000,0.0000,0.0000,0.0000,0.0000,0.4889
3304.2000,0.0000,0.0000,0.0000,0.0000,0.4889
3304.3000,0.0000,0.0000,0.0000,0.0000,0.4889
3304.4000,0.0000,0.0000,0.0000,0.0000,0.4889
3304.5000,0.0000,0.0000,0.0000,0.0000,0.4889
3304.6000,0.0000,0.0000,0.0000,0.0000,0.4889
3304.7000,0.0000,0.0000,0.0000,0.0000,0.4889
3304.8000,0.0000,0.0000,0.0000,0.0000,0.4889
3304.9000,0.0000,0.0000,0.0000,0.0000,0.4889
3305.0000,0.0000,0.0000,0.0000,0.0000,0.4889
3305.1000,0.0000,0.0000,0.0000,0.0000,0.4888
3305.2000,0.0000,0.0000,0.0000,0.0000,0.4888
3305.3000,0.0000,0.0000,0.0000,0.0000,0.4888
3305.4000,0.0000,0.0000,0.0000,0.0000,0.4888
3305.5000,0.0000,0.0000,0.0000,0.0000,0.4888
3305.6000,0.0000,0.0000,0.0000,0.0000,0.4888
3305.7000,0.0000,0.0000,0.0000,0.0000,0.4888
3305.8000,0.0000,0.0000,0.0000,0.0000,0.4888
3305.9000,0.0000,0.0000,0.0000,0.0000,0.4888
3306.0000,0.0000,0.0000,0.0000,0.0000,0.4888
3306.1000,0.0000,0.0000,0.0000,0.0000,0.4888
3306.2000,0.0000,0.0000,0.0000,0.0000,0.4888
3306.3000,0.0000,0.0000,0.0000,0.0000,0.4888
3306.4000,0.0000,0.0000,0.0000,0.0000,0.4888
3306.5000,0.0000,0.0000,0.0000,0.0000,0.4888
3306.6000,0.0000,0.0000,0.0000,0.0000,0.4888
3306.7000,0.0000,0.0000,0.0000,0.0000,0.4888
3306.8000,0.0000,0.0000,0.0000,0.0000,0.4888
3306.9000,0.0000,0.0000,0.0000,0.0000,0.4888
3307.0000,0.0000,0.0000,0.0000,0.0000,0.4888
3307.1000,0.0000,0.0000,0.0000,0.0000,0.4887
3307.2000,0.0000,0.0000,0.0000,0.0000,0.4887
3307.3000,0.0000,0.0000,0.0000,0.0000,0.4887
3307.4000,0.0000,0.0000,0.0000,0.0000,0.4887
3307.5000,0.0000,0.0000,0.0000,0.0000,0.4887
3307.6000,0.0000,0.0000,0.0000,0.0000,0.4887
3307.7000,0.0000,0.0000,0.0000,0.0000,0.4887
3307.8000,0.0000,0.0000,0.0000,0.0000,0.4887
3307.9000,0.0000,0.0000,0.0000,0.0000,0.4887
3308.0000,0.0000,0.0000,0.0000,0.0000,0.4887
3308.1000,0.0000,0.0000,0.0000,0.0000,0.4887
3308.2000,0.0000,0.0000,0.0000,0.0000,0.4887
3308.3000,0.0000,0.0000,0.0000,0.0000,0.4887
3308.4000,0.0000,0.0000,0.0000,0.0000,0.4887
3308.5000,0.0000,0.0000,0.0000,0.0000,0.4887
3308.6000,0.0000,0.0000,0.0000,0.0000,0.4887
3308.7000,0.0000,0.0000,0.0000,0.0000,0.4887
3308.8000,0.0000,0.0000,0.0000,0.0000,0.4887
3308.9000,0.0000,0.0000,0.0000,0.0000,0.4887
3309.0000,0.0000,0.0000,0.0000,0.0000,0.4886
3309.1000,0.0000,0.0000,0.0000,0.0000,0.4886
3309.2000,0.0000,0.0000,0.0000,0.0000,0.4886
3309.3000,0.0000,0.0000,0.0000,0.0000,0.4886
3309.4000,0.0000,0.0000,0.0000,0.0000,0.4886
3309.5000,0.0000,0.0000,0.0000,0.0000,0.4886
3309.6000,0.0000,0.0000,0.0000,0.0000,0.4886
3309.7000,0.0000,0.0000,0.0000,0.0000,0.4886
3309.8000,0.0000,0.0000,0.0000,0.0000,0.4886
3309.9000,0.0000,0.0000,0.0000,0.0000,0.4886
3310.0000,0.0000,0.0000,0.0000,0.0000,0.4886
3310.1000,0.0000,0.0000,0.0000,0.0000,0.4886
3310.2000,0.0000,0.0000,0.0000,0.0000,0.4886
3310.3000,0.0000,0.0000,0.0000,0.0000,0.4886
3310.4000,0.0000,0.0000,0.0000,0.0000,0.4886
3310.5000,0.0000,0.0000,0.0000,0.0000,0.4886
3310.6000,0.0000,0.0000,0.0000,0.0000,0.4886
3310.7000,0.0000,0.0000,0.0000,0.0000,0.4886
3310.8000,0.0000,0.0000,0.0000,0.0000,0.4886
3310.9000,0.0000,0.0000,0.0000,0.0000,0.4885
3311.0000,0.0000,0.0000,0.0000,0.0000,0.4885
3311.1000,0.0000,0.0000,0.0000,0.0000,0.4885
3311.2000,0.0000,0.0000,0.0000,0.0000,0.4885
3311.3000,0.0000,0.0000,0.0000,0.0000,0.4885
3311.4000,0.0000,0.0000,0.0000,0.0000,0.4885
3311.5000,0.0000,0.0000,0.0000,0.0000,0.4885
3311.6000,0.0000,0.0000,0.0000,0.0000,0.4885
3311.7000,0.0000,0.0000,0.0000,0.0000,0.4885
3311.8000,0.0000,0.0000,0.0000,0.0000,0.4885
3311.9000,0.0000,0.0000,0.0000,0.0000,0.4885
3312.0000,0.0000,0.0000,0.0000,0.0000,0.4885
3312.1000,0.0000,0.0000,0.0000,0.0000,0.4885
3312.2000,0.0000,0.0000,0.0000,0.0000,0.4885
3312.3000,0.0000,0.0000,0.0000,0.0000,0.4885
3312.4000,0.0000,0.0000,0.0000,0.0000,0.4885
3312.5000,0.0000,0.0000,0.0000,0.0000,0.4885
3312.6000,0.0000,0.0000,0.0000,0.0000,0.4885
3312.7000,0.0000,0.0000,0.0000,0.0000,0.4885
3312.8000,0.0000,0.0000,0.0000,0.0000,0.4885
3312.9000,0.0000,0.0000,0.0000,0.0000,0.4884
3313.0000,0.0000,0.0000,0.0000,0.0000,0.4884
3313.1000,0.0000,0.0000,0.0000,0.0000,0.4884
3313.2000,0.0000,0.0000,0.0000,0.0000,0.4884
3313.3000,0.0000,0.0000,0.0000,0.0000,0.4884
3313.4000,0.0000,0.0000,0.0000,0.0000,0.4884
3313.5000,0.0000,0.0000,0.0000,0.0000,0.4884
3313.6000,0.0000,0.0000,0.0000,0.0000,0.4884
3313.7000,0.0000,0.0000,0.0000,0.0000,0.4884
3313.8000,0.0000,0.0000,0.0000,0.0000,0.4884
3313.9000,0.0000,0.0000,0.0000,0.0000,0.4884
3314.0000,0.0000,0.0000,0.0000,0.0000,0.4884
3314.1000,0.0000,0.0000,0.0000,0.0000,0.4884
3314.2000,0.0000,0.0000,0.0000,0.0000,0.4884
3314.3000,0.0000,0.0000,0.0000,0.0000,0.4884
3314.4000,0.0000,0.0000,0.0000,0.0000,0.4884
3314.5000,0.0000,0.0000,0.0000,0.0000,0.4884
3314.6000,0.0000,0.0000,0.0000,0.0000,0.4884
3314.7000,0.0000,0.0000,0.0000,0.0000,0.4884
3314.8000,0.0000,0.0000,0.0000,0.0000,0.4883
3314.9000,0.0000,0.0000,0.0000,0.0000,0.4883
3315.0000,0.0000,0.0000,0.0000,0.0000,0.4883
3315.1000,0.0000,0.0000,0.0000,0.0000,0.4883
3315.2000,0.0000,0.0000,0.0000,0.0000,0.4883
3315.3000,0.0000,0.0000,0.0000,0.0000,0.4883
3315.4000,0.0000,0.0000,0.0000,0.0000,0.4883
3315.5000,0.0000,0.0000,0.0000,0.0000,0.4883
3315.6000,0.0000,0.0000,0.0000,0.0000,0.4883
3315.7000,0.0000,0.0000,0.0000,0.0000,0.4883
3315.8000,0.0000,0.0000,0.0000,0.0000,0.4883
3315.9000,0.0000,0.0000,0.0000,0.0000,0.4883
3316.0000,0.0000,0.0000,0.0000,0.0000,0.4883
3316.1000,0.0000,0.0000,0.0000,0.0000,0.4883
3316.2000,0.0000,0.0000,0.0000,0.0000,0.4883
3316.3000,0.0000,0.0000,0.0000,0.0000,0.4883
3316.4000,0.0000,0.0000,0.0000,0.0000,0.4883
3316.5000,0.0000,0.0000,0.0000,0.0000,0.4883
3316.6000,0.0000,0.0000,0.0000,0.0000,0.4883
3316.7000,0.0000,0.0000,0.0000,0.0000,0.4882
3316.8000,0.0000,0.0000,0.0000,0.0000,0.4882
3316.9000,0.0000,0.0000,0.0000,0.0000,0.4882
3317.0000,0.0000,0.0000,0.0000,0.0000,0.4882
3317.1000,0.0000,0.0000,0.0000,0.0000,0.4882
3317.2000,0.0000,0.0000,0.0000,0.0000,0.4882
3317.3000,0.0000,0.0000,0.0000,0.0000,0.4882
3317.4000,0.0000,0.0000,0.0000,0.0000,0.4882
3317.5000,0.0000,0.0000,0.0000,0.0000,0.4882
3317.6000,0.0000,0.0000,0.0000,0.0000,0.4882
3317.7000,0.0000,0.0000,0.0000,0.0000,0.4882
3317.8000,0.0000,0.0000,0.0000,0.0000,0.4882
3317.9000,0.0000,0.0000,0.0000,0.0000,0.4882
3318.0000,0.0000,0.0000,0.0000,0.0000,0.4882
3318.1000,0.0000,0.0000,0.0000,0.0000,0.4882
3318.2000,0.0000,0.0000,0.0000,0.0000,0.4882
3318.3000,0.0000,0.0000,0.0000,0.0000,0.4882
3318.4000,0.0000,0.0000,0.0000,0.0000,0.4882
3318.5000,0.0000,0.0000,0.0000,0.0000,0.4882
3318.6000,0.0000,0.0000,0.0000,0.0000,0.4882
3318.7000,0.0000,0.0000,0.0000,0.0000,0.4881
3318.8000,0.0000,0.0000,0.0000,0.0000,0.4881
3318.9000,0.0000,0.0000,0.0000,0.0000,0.4881
3319.0000,0.0000,0.0000,0.0000,0.0000,0.4881
3319.1000,0.0000,0.0000,0.0000,0.0000,0.4881
3319.2000,0.0000,0.0000,0.0000,0.0000,0.4881
3319.3000,0.0000,0.0000,0.0000,0.0000,0.4881
3319.4000,0.0000,0.0000,0.0000,0.0000,0.4881
3319.5000,0.0000,0.0000,0.0000,0.0000,0.4881
3319.6000,0.0000,0.0000,0.0000,0.0000,0.4881
3319.7000,0.0000,0.0000,0.0000,0.0000,0.4881
3319.8000,0.0000,0.0000,0.0000,0.0000,0.4881
3319.9000,0.0000,0.0000,0.0000,0.0000,0.4881
3320.0000,0.0000,0.0000,0.0000,0.0000,0.4881
3320.1000,0.0000,0.0000,0.0000,0.0000,0.4881
3320.2000,0.0000,0.0000,0.0000,0.0000,0.4881
3320.3000,0.0000,0.0000,0.0000,0.0000,0.4881
3320.4000,0.0000,0.0000,0.0000,0.0000,0.4881
3320.5000,0.0000,0.0000,0.0000,0.0000,0.4881
3320.6000,0.0000,0.0000,0.0000,0.0000,0.4880
3320.7000,0.0000,0.0000,0.0000,0.0000,0.4880
3320.8000,0.0000,0.0000,0.0000,0.0000,0.4880
3320.9000,0.0000,0.0000,0.0000,0.0000,0.4880
3321.0000,0.0000,0.0000,0.0000,0.0000,0.4880
3321.1000,0.0000,0.0000,0.0000,0.0000,0.4880
3321.2000,0.0000,0.0000,0.0000,0.0000,0.4880
3321.3000,0.0000,0.0000,0.0000,0.0000,0.4880
3321.4000,0.0000,0.0000,0.0000,0.0000,0.4880
3321.5000,0.0000,0.0000,0.0000,0.0000,0.4880
3321.6000,0.0000,0.0000,0.0000,0.0000,0.4880
3321.7000,0.0000,0.0000,0.0000,0.0000,0.4880
3321.8000,0.0000,0.0000,0.0000,0.0000,0.4880
3321.9000,0.0000,0.0000,0.0000,0.0000,0.4880
3322.0000,0.0000,0.0000,0.0000,0.0000,0.4880
3322.1000,0.0000,0.0000,0.0000,0.0000,0.4880
3322.2000,0.0000,0.0000,0.0000,0.0000,0.4880
3322.3000,0.0000,0.0000,0.0000,0.0000,0.4880
3322.4000,0.0000,0.0000,0.0000,0.0000,0.4880
3322.5000,0.0000,0.0000,0.0000,0.0000,0.4880
3322.6000,0.0000,0.0000,0.0000,0.0000,0.4879
3322.7000,0.0000,0.0000,0.0000,0.0000,0.4879
3322.8000,0.0000,0.0000,0.0000,0.0000,0.4879
3322.9000,0.0000,0.0000,0.0000,0.0000,0.4879
3323.0000,0.0000,0.0000,0.0000,0.0000,0.4879
3323.1000,0.0000,0.0000,0.0000,0.0000,0.4879
3323.2000,0.0000,0.0000,0.0000,0.0000,0.4879
3323.3000,0.0000,0.0000,0.0000,0.0000,0.4879
3323.4000,0.0000,0.0000,0.0000,0.0000,0.4879
3323.5000,0.0000,0.0000,0.0000,0.0000,0.4879
3323.6000,0.0000,0.0000,0.0000,0.0000,0.4879
3323.7000,0.0000,0.0000,0.0000,0.0000,0.4879
3323.8000,0.0000,0.0000,0.0000,0.0000,0.4879
3323.9000,0.0000,0.0000,0.0000,0.0000,0.4879
3324.0000,0.0000,0.0000,0.0000,0.0000,0.4879
3324.1000,0.0000,0.0000,0.0000,0.0000,0.4879
3324.2000,0.0000,0.0000,0.0000,0.0000,0.4879
3324.3000,0.0000,0.0000,0.0000,0.0000,0.4879
3324.4000,0.0000,0.0000,0.0000,0.0000,0.4879
3324.5000,0.0000,0.0000,0.0000,0.0000,0.4878
3324.6000,0.0000,0.0000,0.0000,0.0000,0.4878
3324.7000,0.0000,0.0000,0.0000,0.0000,0.4878
3324.8000,0.0000,0.0000,0.0000,0.0000,0.4878
3324.9000,0.0000,0.0000,0.0000,0.0000,0.4878
3325.0000,0.0000,0.0000,0.0000,0.0000,0.4878
3325.1000,0.0000,0.0000,0.0000,0.0000,0.4878
3325.2000,0.0000,0.0000,0.0000,0.0000,0.4878
3325.3000,0.0000,0.0000,0.0000,0.0000,0.4878
3325.4000,0.0000,0.0000,0.0000,0.0000,0.4878
3325.5000,0.0000,0.0000,0.0000,0.0000,0.4878
3325.6000,0.0000,0.0000,0.0000,0.0000,0.4878
3325.7000,0.0000,0.0000,0.0000,0.0000,0.4878
3325.8000,0.0000,0.0000,0.0000,0.0000,0.4878
3325.9000,0.0000,0.0000,0.0000,0.0000,0.4878
3326.0000,0.0000,0.0000,0.0000,0.0000,0.4878
3326.1000,0.0000,0.0000,0.0000,0.0000,0.4878
3326.2000,0.0000,0.0000,0.0000,0.0000,0.4878
3326.3000,0.0000,0.0000,0.0000,0.0000,0.4878
3326.4000,0.0000,0.0000,0.0000,0.0000,0.4877
3326.5000,0.0000,0.0000,0.0000,0.0000,0.4877
3326.6000,0.0000,0.0000,0.0000,0.0000,0.4877
3326.7000,0.0000,0.0000,0.0000,0.0000,0.4877
3326.8000,0.0000,0.0000,0.0000,0.0000,0.4877
3326.9000,0.0000,0.0000,0.0000,0.0000,0.4877
3327.0000,0.0000,0.0000,0.0000,0.0000,0.4877
3327.1000,0.0000,0.0000,0.0000,0.0000,0.4877
3327.2000,0.0000,0.0000,0.0000,0.0000,0.4877
3327.3000,0.0000,0.0000,0.0000,0.0000,0.4877
3327.4000,0.0000,0.0000,0.0000,0.0000,0.4877
3327.5000,0.0000,0.0000,0.0000,0.0000,0.4877
3327.6000,0.0000,0.0000,0.0000,0.0000,0.4877
3327.7000,0.0000,0.0000,0.0000,0.0000,0.4877
3327.8000,0.0000,0.0000,0.0000,0.0000,0.4877
3327.9000,0.0000,0.0000,0.0000,0.0000,0.4877
3328.0000,0.0000,0.0000,0.0000,0.0000,0.4877
3328.1000,0.0000,0.0000,0.0000,0.0000,0.4877
3328.2000,0.0000,0.0000,0.0000,0.0000,0.4877
3328.3000,0.0000,0.0000,0.0000,0.0000,0.4877
3328.4000,0.0000,0.0000,0.0000,0.0000,0.4876
3328.5000,0.0000,0.0000,0.0000,0.0000,0.4876
3328.6000,0.0000,0.0000,0.0000,0.0000,0.4876
3328.7000,0.0000,0.0000,0.0000,0.0000,0.4876
3328.8000,0.0000,0.0000,0.0000,0.0000,0.4876
3328.9000,0.0000,0.0000,0.0000,0.0000,0.4876
3329.0000,0.0000,0.0000,0.0000,0.0000,0.4876
3329.1000,0.0000,0.0000,0.0000,0.0000,0.4876
3329.2000,0.0000,0.0000,0.0000,0.0000,0.4876
3329.3000,0.0000,0.0000,0.0000,0.0000,0.4876
3329.4000,0.0000,0.0000,0.0000,0.0000,0.4876
3329.5000,0.0000,0.0000,0.0000,0.0000,0.4876
3329.6000,0.0000,0.0000,0.0000,0.0000,0.4876
3329.7000,0.0000,0.0000,0.0000,0.0000,0.4876
3329.8000,0.0000,0.0000,0.0000,0.0000,0.4876
3329.9000,0.0000,0.0000,0.0000,0.0000,0.4876
3330.0000,0.0000,0.0000,0.0000,0.0000,0.4876
3330.1000,0.0000,0.0000,0.0000,0.0000,0.4876
3330.2000,0.0000,0.0000,0.0000,0.0000,0.4876
3330.3000,0.0000,0.0000,0.0000,0.0000,0.4875
3330.4000,0.0000,0.0000,0.0000,0.0000,0.4875
3330.5000,0.0000,0.0000,0.0000,0.0000,0.4875
3330.6000,0.0000,0.0000,0.0000,0.0000,0.4875
3330.7000,0.0000,0.0000,0.0000,0.0000,0.4875
3330.8000,0.0000,0.0000,0.0000,0.0000,0.4875
3330.9000,0.0000,0.0000,0.0000,0.0000,0.4875
3331.0000,0.0000,0.0000,0.0000,0.0000,0.4875
3331.1000,0.0000,0.0000,0.0000,0.0000,0.4875
3331.2000,0.0000,0.0000,0.0000,0.0000,0.4875
3331.3000,0.0000,0.0000,0.0000,0.0000,0.4875
3331.4000,0.0000,0.0000,0.0000,0.0000,0.4875
3331.5000,0.0000,0.0000,0.0000,0.0000,0.4875
3331.6000,0.0000,0.0000,0.0000,0.0000,0.4875
3331.7000,0.0000,0.0000,0.0000,0.0000,0.4875
3331.8000,0.0000,0.0000,0.0000,0.0000,0.4875
3331.9000,0.0000,0.0000,0.0000,0.0000,0.4875
3332.0000,0.0000,0.0000,0.0000,0.0000,0.4875
3332.1000,0.0000,0.0000,0.0000,0.0000,0.4875
3332.2000,0.0000,0.0000,0.0000,0.0000,0.4874
3332.3000,0.0000,0.0000,0.0000,0.0000,0.4874
3332.4000,0.0000,0.0000,0.0000,0.0000,0.4874
3332.5000,0.0000,0.0000,0.0000,0.0000,0.4874
3332.6000,0.0000,0.0000,0.0000,0.0000,0.4874
3332.7000,0.0000,0.0000,0.0000,0.0000,0.4874
3332.8000,0.0000,0.0000,0.0000,0.0000,0.4874
3332.9000,0.0000,0.0000,0.0000,0.0000,0.4874
3333.0000,0.0000,0.0000,0.0000,0.0000,0.4874
3333.1000,0.0000,0.0000,0.0000,0.0000,0.4874
3333.2000,0.0000,0.0000,0.0000,0.0000,0.4874
3333.3000,0.0000,0.0000,0.0000,0.0000,0.4874
3333.4000,0.0000,0.0000,0.0000,0.0000,0.4874
3333.5000,0.0000,0.0000,0.0000,0.0000,0.4874
3333.6000,0.0000,0.0000,0.0000,0.0000,0.4874
3333.7000,0.0000,0.0000,0.0000,0.0000,0.4874
3333.8000,0.0000,0.0000,0.0000,0.0000,0.4874
3333.9000,0.0000,0.0000,0.0000,0.0000,0.4874
3334.0000,0.0000,0.0000,0.0000,0.0000,0.4874
3334.1000,0.0000,0.0000,0.0000,0.0000,0.4874
3334.2000,0.0000,0.0000,0.0000,0.0000,0.4873
3334.3000,0.0000,0.0000,0.0000,0.0000,0.4873
3334.4000,0.0000,0.0000,0.0000,0.0000,0.4873
3334.5000,0.0000,0.0000,0.0000,0.0000,0.4873
3334.6000,0.0000,0.0000,0.0000,0.0000,0.4873
3334.7000,0.0000,0.0000,0.0000,0.0000,0.4873
3334.8000,0.0000,0.0000,0.0000,0.0000,0.4873
3334.9000,0.0000,0.0000,0.0000,0.0000,0.4873
3335.0000,0.0000,0.0000,0.0000,0.0000,0.4873
3335.1000,0.0000,0.0000,0.0000,0.0000,0.4873
3335.2000,0.0000,0.0000,0.0000,0.0000,0.4873
3335.3000,0.0000,0.0000,0.0000,0.0000,0.4873
3335.4000,0.0000,0.0000,0.0000,0.0000,0.4873
3335.5000,0.0000,0.0000,0.0000,0.0000,0.4873
3335.6000,0.0000,0.0000,0.0000,0.0000,0.4873
3335.7000,0.0000,0.0000,0.0000,0.0000,0.4873
3335.8000,0.0000,0.0000,0.0000,0.0000,0.4873
3335.9000,0.0000,0.0000,0.0000,0.0000,0.4873
3336.0000,0.0000,0.0000,0.0000,0.0000,0.4873
3336.1000,0.0000,0.0000,0.0000,0.0000,0.4872
3336.2000,0.0000,0.0000,0.0000,0.0000,0.4872
3336.3000,0.0000,0.0000,0.0000,0.0000,0.4872
3336.4000,0.0000,0.0000,0.0000,0.0000,0.4872
3336.5000,0.0000,0.0000,0.0000,0.0000,0.4872
3336.6000,0.0000,0.0000,0.0000,0.0000,0.4872
3336.7000,0.0000,0.0000,0.0000,0.0000,0.4872
3336.8000,0.0000,0.0000,0.0000,0.0000,0.4872
3336.9000,0.0000,0.0000,0.0000,0.0000,0.4872
3337.0000,0.0000,0.0000,0.0000,0.0000,0.4872
3337.1000,0.0000,0.0000,0.0000,0.0000,0.4872
3337.2000,0.0000,0.0000,0.0000,0.0000,0.4872
3337.3000,0.0000,0.0000,0.0000,0.0000,0.4872
3337.4000,0.0000,0.0000,0.0000,0.0000,0.4872
3337.5000,0.0000,0.0000,0.0000,0.0000,0.4872
3337.6000,0.0000,0.0000,0.0000,0.0000,0.4872
3337.7000,0.0000,0.0000,0.0000,0.0000,0.4872
3337.8000,0.0000,0.0000,0.0000,0.0000,0.4872
3337.9000,0.0000,0.0000,0.0000,0.0000,0.4872
3338.0000,0.0000,0.0000,0.0000,0.0000,0.4871
3338.1000,0.0000,0.0000,0.0000,0.0000,0.4871
3338.2000,0.0000,0.0000,0.0000,0.0000,0.4871
3338.3000,0.0000,0.0000,0.0000,0.0000,0.4871
3338.4000,0.0000,0.0000,0.0000,0.0000,0.4871
3338.5000,0.0000,0.0000,0.0000,0.0000,0.4871
3338.6000,0.0000,0.0000,0.0000,0.0000,0.4871
3338.7000,0.0000,0.0000,0.0000,0.0000,0.4871
3338.8000,0.0000,0.0000,0.0000,0.0000,0.4871
3338.9000,0.0000,0.0000,0.0000,0.0000,0.4871
3339.0000,0.0000,0.0000,0.0000,0.0000,0.4871
3339.1000,0.0000,0.0000,0.0000,0.0000,0.4871
3339.2000,0.0000,0.0000,0.0000,0.0000,0.4871
3339.3000,0.0000,0.0000,0.0000,0.0000,0.4871
3339.4000,0.0000,0.0000,0.0000,0.0000,0.4871
3339.5000,0.0000,0.0000,0.0000,0.0000,0.4871
3339.6000,0.0000,0.0000,0.0000,0.0000,0.4871
3339.7000,0.0000,0.0000,0.0000,0.0000,0.4871
3339.8000,0.0000,0.0000,0.0000,0.0000,0.4871
3339.9000,0.0000,0.0000,0.0000,0.0000,0.4871
3340.0000,0.0000,0.0000,0.0000,0.0000,0.4870
3340.1000,0.0000,0.0000,0.0000,0.0000,0.4870
3340.2000,0.0000,0.0000,0.0000,0.0000,0.4870
3340.3000,0.0000,0.0000,0.0000,0.0000,0.4870
3340.4000,0.0000,0.0000,0.0000,0.0000,0.4870
3340.5000,0.0000,0.0000,0.0000,0.0000,0.4870
3340.6000,0.0000,0.0000,0.0000,0.0000,0.4870
3340.7000,0.0000,0.0000,0.0000,0.0000,0.4870
3340.8000,0.0000,0.0000,0.0000,0.0000,0.4870
3340.9000,0.0000,0.0000,0.0000,0.0000,0.4870
3341.0000,0.0000,0.0000,0.0000,0.0000,0.4870
3341.1000,0.0000,0.0000,0.0000,0.0000,0.4870
3341.2000,0.0000,0.0000,0.0000,0.0000,0.4870
3341.3000,0.0000,0.0000,0.0000,0.0000,0.4870
3341.4000,0.0000,0.0000,0.0000,0.0000,0.4870
3341.5000,0.0000,0.0000,0.0000,0.0000,0.4870
3341.6000,0.0000,0.0000,0.0000,0.0000,0.4870
3341.7000,0.0000,0.0000,0.0000,0.0000,0.4870
3341.8000,0.0000,0.0000,0.0000,0.0000,0.4870
3341.9000,0.0000,0.0000,0.0000,0.0000,0.4869
3342.0000,0.0000,0.0000,0.0000,0.0000,0.4869
3342.1000,0.0000,0.0000,0.0000,0.0000,0.4869
3342.2000,0.0000,0.0000,0.0000,0.0000,0.4869
3342.3000,0.0000,0.0000,0.0000,0.0000,0.4869
3342.4000,0.0000,0.0000,0.0000,0.0000,0.4869
3342.5000,0.0000,0.0000,0.0000,0.0000,0.4869
3342.6000,0.0000,0.0000,0.0000,0.0000,0.4869
3342.7000,0.0000,0.0000,0.0000,0.0000,0.4869
3342.8000,0.0000,0.0000,0.0000,0.0000,0.4869
3342.9000,0.0000,0.0000,0.0000,0.0000,0.4869
3343.0000,0.0000,0.0000,0.0000,0.0000,0.4869
3343.1000,0.0000,0.0000,0.0000,0.0000,0.4869
3343.2000,0.0000,0.0000,0.0000,0.0000,0.4869
3343.3000,0.0000,0.0000,0.0000,0.0000,0.4869
3343.4000,0.0000,0.0000,0.0000,0.0000,0.4869
3343.5000,0.0000,0.0000,0.0000,0.0000,0.4869
3343.6000,0.0000,0.0000,0.0000,0.0000,0.4869
3343.7000,0.0000,0.0000,0.0000,0.0000,0.4869
3343.8000,0.0000,0.0000,0.0000,0.0000,0.4868
3343.9000,0.0000,0.0000,0.0000,0.0000,0.4868
3344.0000,0.0000,0.0000,0.0000,0.0000,0.4868
3344.1000,0.0000,0.0000,0.0000,0.0000,0.4868
3344.2000,0.0000,0.0000,0.0000,0.0000,0.4868
3344.3000,0.0000,0.0000,0.0000,0.0000,0.4868
3344.4000,0.0000,0.0000,0.0000,0.0000,0.4868
3344.5000,0.0000,0.0000,0.0000,0.0000,0.4868
3344.6000,0.0000,0.0000,0.0000,0.0000,0.4868
3344.7000,0.0000,0.0000,0.0000,0.0000,0.4868
3344.8000,0.0000,0.0000,0.0000,0.0000,0.4868
3344.9000,0.0000,0.0000,0.0000,0.0000,0.4868
3345.0000,0.0000,0.0000,0.0000,0.0000,0.4868
3345.1000,0.0000,0.0000,0.0000,0.0000,0.4868
3345.2000,0.0000,0.0000,0.0000,0.0000,0.4868
3345.3000,0.0000,0.0000,0.0000,0.0000,0.4868
3345.4000,0.0000,0.0000,0.0000,0.0000,0.4868
3345.5000,0.0000,0.0000,0.0000,0.0000,0.4868
3345.6000,0.0000,0.0000,0.0000,0.0000,0.4868
3345.7000,0.0000,0.0000,0.0000,0.0000,0.4868
3345.8000,0.0000,0.0000,0.0000,0.0000,0.4867
3345.9000,0.0000,0.0000,0.0000,0.0000,0.4867
3346.0000,0.0000,0.0000,0.0000,0.0000,0.4867
3346.1000,0.0000,0.0000,0.0000,0.0000,0.4867
3346.2000,0.0000,0.0000,0.0000,0.0000,0.4867
3346.3000,0.0000,0.0000,0.0000,0.0000,0.4867
3346.4000,0.0000,0.0000,0.0000,0.0000,0.4867
3346.5000,0.0000,0.0000,0.0000,0.0000,0.4867
3346.6000,0.0000,0.0000,0.0000,0.0000,0.4867
3346.7000,0.0000,0.0000,0.0000,0.0000,0.4867
3346.8000,0.0000,0.0000,0.0000,0.0000,0.4867
3346.9000,0.0000,0.0000,0.0000,0.0000,0.4867
3347.0000,0.0000,0.0000,0.0000,0.0000,0.4867
3347.1000,0.0000,0.0000,0.0000,0.0000,0.4867
3347.2000,0.0000,0.0000,0.0000,0.0000,0.4867
3347.3000,0.0000,0.0000,0.0000,0.0000,0.4867
3347.4000,0.0000,0.0000,0.0000,0.0000,0.4867
3347.5000,0.0000,0.0000,0.0000,0.0000,0.4867
3347.6000,0.0000,0.0000,0.0000,0.0000,0.4867
3347.7000,0.0000,0.0000,0.0000,0.0000,0.4866
3347.8000,0.0000,0.0000,0.0000,0.0000,0.4866
3347.9000,0.0000,0.0000,0.0000,0.0000,0.4866
3348.0000,0.0000,0.0000,0.0000,0.0000,0.4866
3348.1000,0.0000,0.0000,0.0000,0.0000,0.4866
3348.2000,0.0000,0.0000,0.0000,0.0000,0.4866
3348.3000,0.0000,0.0000,0.0000,0.0000,0.4866
3348.4000,0.0000,0.0000,0.0000,0.0000,0.4866
3348.5000,0.0000,0.0000,0.0000,0.0000,0.4866
3348.6000,0.0000,0.0000,0.0000,0.0000,0.4866
3348.7000,0.0000,0.0000,0.0000,0.0000,0.4866
3348.8000,0.0000,0.0000,0.0000,0.0000,0.4866
3348.9000,0.0000,0.0000,0.0000,0.0000,0.4866
3349.0000,0.0000,0.0000,0.0000,0.0000,0.4866
3349.1000,0.0000,0.0000,0.0000,0.0000,0.4866
3349.2000,0.0000,0.0000,0.0000,0.0000,0.4866
3349.3000,0.0000,0.0000,0.0000,0.0000,0.4866
3349.4000,0.2325,0.0000,0.3240,0.0000,0.4866
3349.5000,0.4650,0.0000,0.7434,0.0000,0.4865
3349.6000,0.7751,0.0000,1.5572,0.0000,0.4865
3349.7000,1.1626,0.0000,2.5745,0.0000,0.4865
3349.8000,1.5501,0.0000,3.4327,0.0000,0.4865
3349.9000,1.9377,0.0000,4.2910,0.0000,0.4865
3350.0000,2.3252,0.0000,5.1493,0.0000,0.4864
3350.1000,2.7127,0.0000,6.0075,0.0000,0.4864
3350.2000,3.1002,0.0000,6.8658,0.0000,0.4864
3350.3000,3.4877,0.0000,7.7241,0.0000,0.4863
3350.4000,3.8751,0.0000,8.5823,0.0000,0.4863
3350.5000,4.2626,0.0000,9.4403,0.0000,0.4862
3350.6000,4.6500,0.0000,10.2983,0.0000,0.4862
3350.7000,5.0373,0.0000,11.1560,0.0000,0.4862
3350.8000,5.4246,0.0000,12.0135,0.0000,0.4861
3350.9000,5.8119,0.0000,12.8707,0.0000,0.4861
3351.0000,6.1991,0.0000,13.7275,0.0000,0.4860
3351.1000,6.5862,0.0000,14.5838,0.0000,0.4860
3351.2000,6.9732,0.0000,15.4396,0.0000,0.4859
3351.3000,7.3602,0.0000,16.2948,0.0000,0.4858
3351.4000,7.7470,0.0000,17.1492,0.0000,0.4858
3351.5000,8.1338,0.0000,18.0029,0.0000,0.4857
3351.6000,8.5204,0.0000,18.8556,0.0000,0.4857
3351.7000,8.9068,0.0000,19.7073,0.0000,0.4856
3351.8000,9.2932,0.0000,20.5578,0.0000,0.4855
3351.9000,9.6793,0.0000,21.4071,0.0000,0.4854
3352.0000,10.0653,0.0000,22.2550,0.0000,0.4854
3352.1000,10.4511,0.0000,23.1014,0.0000,0.4853
3352.2000,10.8366,0.0000,23.9460,0.0000,0.4852
3352.3000,11.2220,0.0000,24.7889,0.0000,0.4851
3352.4000,11.6071,0.0000,25.6298,0.0000,0.4850
3352.5000,11.9920,0.0000,26.4686,0.0000,0.4850
3352.6000,12.3765,0.0000,27.3051,0.0000,0.4849
3352.7000,12.7608,0.0000,28.1392,0.0000,0.4848
3352.8000,13.1448,0.0000,28.9706,0.0000,0.4847
3352.9000,13.5284,0.0000,29.7993,0.0000,0.4846
3353.0000,13.9117,0.0000,30.6250,0.0000,0.4845
3353.1000,14.2947,0.0000,31.4475,0.0000,0.4844
3353.2000,14.6772,0.0000,32.2667,0.0000,0.4843
3353.3000,15.0593,0.0000,33.0824,0.0000,0.4842
3353.4000,15.4410,0.0000,33.8943,0.0000,0.4841
3353.5000,15.8222,0.0000,34.7023,0.0000,0.4840
3353.6000,16.2030,0.0000,35.5061,0.0000,0.4839
3353.7000,16.5833,0.0000,36.3056,0.0000,0.4837
3353.8000,16.9630,0.0000,37.1006,0.0000,0.4836
3353.9000,17.3422,0.0000,37.8908,0.0000,0.4835
3354.0000,17.7208,0.0000,38.6759,0.0000,0.4834
3354.1000,18.0988,0.0000,39.4559,0.0000,0.4833
3354.2000,18.4762,0.0000,40.2304,0.0000,0.4831
3354.3000,18.8530,0.0000,40.9993,0.0000,0.4830
3354.4000,19.2291,0.0000,41.7623,0.0000,0.4829
3354.5000,19.6044,0.0000,42.5192,0.0000,0.4828
3354.6000,19.9791,0.0000,43.2697,0.0000,0.4826
3354.7000,20.3530,0.0000,44.0136,0.0000,0.4825
3354.8000,20.7261,0.0000,44.7507,0.0000,0.4824
3354.9000,21.0985,0.0000,45.4808,0.0000,0.4822
3355.0000,21.4700,0.0000,46.2036,0.0000,0.4821
3355.1000,21.8406,0.0000,46.9189,0.0000,0.4819
3355.2000,22.2103,0.0000,47.6264,0.0000,0.4818
3355.3000,22.5791,0.0000,48.3259,0.0000,0.4816
3355.4000,22.9470,0.0000,49.0173,0.0000,0.4815
3355.5000,23.3139,0.0000,49.7001,0.0000,0.4813
3355.6000,23.6798,0.0000,50.3743,0.0000,0.4812
3355.7000,24.0447,0.0000,51.0396,0.0000,0.4810
3355.8000,24.4085,0.0000,51.6957,0.0000,0.4809
3355.9000,24.7712,0.0000,52.3425,0.0000,0.4807
3356.0000,25.1328,0.0000,52.9797,0.0000,0.4806
3356.1000,25.4932,0.0000,53.6071,0.0000,0.4804
3356.2000,25.8525,0.0000,54.2244,0.0000,0.4803
3356.3000,26.2105,0.0000,54.8315,0.0000,0.4801
3356.4000,26.5673,0.0000,55.4282,0.0000,0.4799
3356.5000,26.9228,0.0000,56.0142,0.0000,0.4798
3356.6000,27.2771,0.0000,56.5893,0.0000,0.4796
3356.7000,27.6299,0.0000,57.1534,0.0000,0.4794
3356.8000,27.9815,0.0000,57.7062,0.0000,0.4792
3356.9000,28.3316,0.0000,58.2476,0.0000,0.4791
3357.0000,28.6803,0.0000,58.7313,0.0000,0.4789
3357.1000,29.0270,0.0000,59.0857,0.0000,0.4787
3357.2000,29.3707,0.0000,59.2860,0.0000,0.4785
3357.3000,29.7105,0.0000,59.3329,0.0000,0.4784
3357.4000,30.0457,0.0000,59.2270,0.0000,0.4782
3357.5000,30.3754,0.0000,59.0184,0.0000,0.4780
3357.6000,30.6995,0.0000,58.7834,0.0000,0.4778
3357.7000,31.0181,0.0000,58.5487,0.0000,0.4777
3357.8000,31.3315,0.0000,58.3143,0.0000,0.4775
3357.9000,31.6398,0.0000,58.0802,0.0000,0.4773
3358.0000,31.9432,0.0000,57.8465,0.0000,0.4772
3358.1000,32.2417,0.0000,57.6132,0.0000,0.4770
3358.2000,32.5356,0.0000,57.3802,0.0000,0.4768
3358.3000,32.8250,0.0000,57.1478,0.0000,0.4767
3358.4000,33.1099,0.0000,56.9158,0.0000,0.4765
3358.5000,33.3906,0.0000,56.6843,0.0000,0.4763
3358.6000,33.6671,0.0000,56.4534,0.0000,0.4762
3358.7000,33.9396,0.0000,56.2231,0.0000,0.4760
3358.8000,34.2081,0.0000,55.9933,0.0000,0.4758
3358.9000,34.4727,0.0000,55.7642,0.0000,0.4757
3359.0000,34.7336,0.0000,55.5358,0.0000,0.4755
3359.1000,34.9908,0.0000,55.3080,0.0000,0.4753
3359.2000,35.2444,0.0000,55.0809,0.0000,0.4752
3359.3000,35.4945,0.0000,54.8546,0.0000,0.4750
3359.4000,35.7411,0.0000,54.6291,0.0000,0.4749
3359.5000,35.9845,0.0000,54.4043,0.0000,0.4747
3359.6000,36.2245,0.0000,54.1804,0.0000,0.4745
3359.7000,36.4614,0.0000,53.9572,0.0000,0.4744
3359.8000,36.6951,0.0000,53.7350,0.0000,0.4742
3359.9000,36.9258,0.0000,53.5136,0.0000,0.4741
3360.0000,37.1534,0.0000,53.2931,0.0000,0.4739
3360.1000,37.3781,0.0000,53.0735,0.0000,0.4737
3360.2000,37.6000,0.0000,52.8548,0.0000,0.4736
3360.3000,37.8190,0.0000,52.6371,0.0000,0.4734
3360.4000,38.0353,0.0000,52.4204,0.0000,0.4733
3360.5000,38.2488,0.0000,52.2046,0.0000,0.4731
3360.6000,38.4597,0.0000,51.9898,0.0000,0.4730
3360.7000,38.6680,0.0000,51.7761,0.0000,0.4728
3360.8000,38.8737,0.0000,51.5633,0.0000,0.4727
3360.9000,39.0769,0.0000,51.3517,0.0000,0.4725
3361.0000,39.2777,0.0000,51.1410,0.0000,0.4724
3361.1000,39.4760,0.0000,50.9315,0.0000,0.4722
3361.2000,39.6720,0.0000,50.7230,0.0000,0.4721
3361.3000,39.8656,0.0000,50.5155,0.0000,0.4719
3361.4000,40.0570,0.0000,50.3092,0.0000,0.4718
3361.5000,40.2460,0.0000,50.1040,0.0000,0.4716
3361.6000,40.4329,0.0000,49.8999,0.0000,0.4715
3361.7000,40.6176,0.0000,49.6969,0.0000,0.4713
3361.8000,40.8002,0.0000,49.4951,0.0000,0.4712
3361.9000,40.9806,0.0000,49.2944,0.0000,0.4711
3362.0000,41.1590,0.0000,49.0948,0.0000,0.4709
3362.1000,41.3354,0.0000,48.8964,0.0000,0.4708
3362.2000,41.5097,0.0000,48.6991,0.0000,0.4706
3362.3000,41.6821,0.0000,48.5030,0.0000,0.4705
3362.4000,41.8526,0.0000,48.3081,0.0000,0.4703
3362.5000,42.0212,0.0000,48.1143,0.0000,0.4702
3362.6000,42.1878,0.0000,47.9217,0.0000,0.4701
3362.7000,42.3527,0.0000,47.7303,0.0000,0.4699
3362.8000,42.5157,0.0000,47.5400,0.0000,0.4698
3362.9000,42.6769,0.0000,47.3510,0.0000,0.4696
3363.0000,42.8364,0.0000,47.1631,0.0000,0.4695
3363.1000,42.9942,0.0000,46.9764,0.0000,0.4694
3363.2000,43.1502,0.0000,46.7909,0.0000,0.4692
3363.3000,43.3045,0.0000,46.6066,0.0000,0.4691
3363.4000,43.4572,0.0000,46.4234,0.0000,0.4690
3363.5000,43.6083,0.0000,46.2415,0.0000,0.4688
3363.6000,43.7577,0.0000,46.0608,0.0000,0.4687
3363.7000,43.9056,0.0000,45.8812,0.0000,0.4686
3363.8000,44.0519,0.0000,45.7028,0.0000,0.4684
3363.9000,44.1967,0.0000,45.5257,0.0000,0.4683
3364.0000,44.3399,0.0000,45.3497,0.0000,0.4682
3364.1000,44.4817,0.0000,45.1749,0.0000,0.4680
3364.2000,44.6220,0.0000,45.0012,0.0000,0.4679
3364.3000,44.7608,0.0000,44.8288,0.0000,0.4678
3364.4000,44.8982,0.0000,44.6575,0.0000,0.4676
3364.5000,45.0341,0.0000,44.4875,0.0000,0.4675
3364.6000,45.1687,0.0000,44.3186,0.0000,0.4674
3364.7000,45.3019,0.0000,44.1508,0.0000,0.4672
3364.8000,45.4338,0.0000,43.9843,0.0000,0.4671
3364.9000,45.5643,0.0000,43.8189,0.0000,0.4670
3365.0000,45.6934,0.0000,43.6547,0.0000,0.4669
3365.1000,45.8213,0.0000,43.4916,0.0000,0.4667
3365.2000,45.9479,0.0000,43.3297,0.0000,0.4666
3365.3000,46.0732,0.0000,43.1690,0.0000,0.4665
3365.4000,46.1973,0.0000,43.5869,0.0000,0.4663
3365.5000,46.3249,0.0000,44.6228,0.0000,0.4662
3365.6000,46.4562,0.0000,45.7304,0.0000,0.4661
3365.7000,46.5915,0.0000,46.8267,0.0000,0.4659
3365.8000,46.7303,0.0000,47.7539,0.0000,0.4658
3365.9000,46.8717,0.0000,47.8562,0.0000,0.4657
3366.0000,47.0099,0.0000,47.1025,0.0000,0.4655
3366.1000,47.1439,0.0000,46.0567,0.0000,0.4654
3366.2000,47.2724,0.0000,44.8125,0.0000,0.4653
3366.3000,47.3951,0.0000,43.5395,0.0000,0.4651
3366.4000,47.5123,0.0000,42.3170,0.0000,0.4650
3366.5000,47.6243,0.0000,41.1436,0.0000,0.4649
3366.6000,47.7312,0.0000,40.0174,0.0000,0.4648
3366.7000,47.8333,0.0000,38.9369,0.0000,0.4647
3366.8000,47.9308,0.0000,37.9004,0.0000,0.4645
3366.9000,48.0239,0.0000,36.9063,0.0000,0.4644
3367.0000,48.1128,0.0000,35.9531,0.0000,0.4643
3367.1000,48.1978,0.0000,35.0394,0.0000,0.4642
3367.2000,48.2789,0.0000,34.1636,0.0000,0.4641
3367.3000,48.3563,0.0000,33.3243,0.0000,0.4640
3367.4000,48.4303,0.0000,32.5201,0.0000,0.4639
3367.5000,48.5009,0.0000,31.7497,0.0000,0.4638
3367.6000,48.5684,0.0000,31.0118,0.0000,0.4637
3367.7000,48.6328,0.0000,30.3051,0.0000,0.4636
3367.8000,48.6943,0.0000,29.6283,0.0000,0.4636
3367.9000,48.7531,0.0000,28.9803,0.0000,0.4635
3368.0000,48.8092,0.0000,28.3600,0.0000,0.4634
3368.1000,48.8628,0.0000,27.7662,0.0000,0.4633
3368.2000,48.9139,0.0000,27.1978,0.0000,0.4632
3368.3000,48.9628,0.0000,26.6539,0.0000,0.4631
3368.4000,49.0095,0.0000,26.1334,0.0000,0.4631
3368.5000,49.0541,0.0000,25.6354,0.0000,0.4630
3368.6000,49.0966,0.0000,25.1589,0.0000,0.4629
3368.7000,49.1373,0.0000,24.7030,0.0000,0.4628
3368.8000,49.1761,0.0000,24.2669,0.0000,0.4628
3368.9000,49.2132,0.0000,23.8498,0.0000,0.4627
3369.0000,49.2486,0.0000,23.4509,0.0000,0.4626
3369.1000,49.2824,0.0000,23.0693,0.0000,0.4625
3369.2000,49.3147,0.0000,22.7044,0.0000,0.4625
3369.3000,49.3455,0.0000,22.3555,0.0000,0.4624
3369.4000,49.3750,0.0000,22.0219,0.0000,0.4623
3369.5000,49.4031,0.0000,21.7029,0.0000,0.4623
3369.6000,49.4300,0.0000,21.3979,0.0000,0.4622
3369.7000,49.4556,0.0000,21.1063,0.0000,0.4621
3369.8000,49.4801,0.0000,20.8275,0.0000,0.4621
3369.9000,49.5035,0.0000,20.5610,0.0000,0.4620
3370.0000,49.5259,0.0000,20.3063,0.0000,0.4619
3370.1000,49.5472,0.0000,20.0628,0.0000,0.4619
3370.2000,49.5676,0.0000,19.8301,0.0000,0.4618
3370.3000,49.5870,0.0000,19.6076,0.0000,0.4618
3370.4000,49.6056,0.0000,19.3950,0.0000,0.4617
3370.5000,49.6234,0.0000,19.1919,0.0000,0.4616
3370.6000,49.6403,0.0000,18.9977,0.0000,0.4616
3370.7000,49.6565,0.0000,18.8121,0.0000,0.4615
3370.8000,49.6720,0.0000,18.6348,0.0000,0.4615
3370.9000,49.6867,0.0000,18.4653,0.0000,0.4614
3371.0000,49.7008,0.0000,18.3034,0.0000,0.4614
3371.1000,49.7143,0.0000,18.1487,0.0000,0.4613
3371.2000,49.7271,0.0000,18.0008,0.0000,0.4612
3371.3000,49.7394,0.0000,17.8595,0.0000,0.4612
3371.4000,49.7511,0.0000,17.7246,0.0000,0.4611
3371.5000,49.7623,0.0000,17.5956,0.0000,0.4611
3371.6000,49.7730,0.0000,17.4724,0.0000,0.4610
3371.7000,49.7832,0.0000,17.3547,0.0000,0.4610
3371.8000,49.7930,0.0000,17.2422,0.0000,0.4609
3371.9000,49.8023,0.0000,17.1348,0.0000,0.4609
3372.0000,49.8112,0.0000,17.0321,0.0000,0.4608
3372.1000,49.8197,0.0000,16.9340,0.0000,0.4607
3372.2000,49.8278,0.0000,16.8403,0.0000,0.4607
3372.3000,49.8356,0.0000,16.7509,0.0000,0.4606
3372.4000,49.8430,0.0000,16.6654,0.0000,0.4606
3372.5000,49.8500,0.0000,16.5837,0.0000,0.4605
3372.6000,49.8568,0.0000,16.5057,0.0000,0.4605
3372.7000,49.8632,0.0000,16.4311,0.0000,0.4604
3372.8000,49.8694,0.0000,16.3599,0.0000,0.4604
3372.9000,49.8753,0.0000,16.2919,0.0000,0.4603
3373.0000,49.8809,0.0000,16.2270,0.0000,0.4603
3373.1000,49.8862,0.0000,16.1649,0.0000,0.4602
3373.2000,49.8914,0.0000,16.1056,0.0000,0.4602
3373.3000,49.8962,0.0000,16.0490,0.0000,0.4601
3373.4000,49.9009,0.0000,15.9949,0.0000,0.4601
3373.5000,49.9054,0.0000,15.9433,0.0000,0.4600
3373.6000,49.9096,0.0000,15.8939,0.0000,0.4600
3373.7000,49.9137,0.0000,15.8468,0.0000,0.4599
3373.8000,49.9176,0.0000,15.8018,0.0000,0.4599
3373.9000,49.9213,0.0000,15.7588,0.0000,0.4598
3374.0000,49.9248,0.0000,15.7177,0.0000,0.4598
3374.1000,49.9282,0.0000,15.6785,0.0000,0.4597
3374.2000,49.9314,0.0000,15.6410,0.0000,0.4597
3374.3000,49.9345,0.0000,15.6053,0.0000,0.4596
3374.4000,49.9375,0.0000,15.5711,0.0000,0.4596
3374.5000,49.9403,0.0000,15.5384,0.0000,0.4595
3374.6000,49.9430,0.0000,15.4875,0.0000,0.4595
3374.7000,49.9454,0.0000,15.4321,0.0000,0.4594
3374.8000,49.9476,0.0000,15.2251,0.0000,0.4594
3374.9000,49.9485,0.0000,14.9095,0.0000,0.4593
3375.0000,49.9484,0.0000,14.5908,0.0000,0.4593
3375.1000,49.9468,0.0000,14.1753,0.0000,0.4592
3375.2000,49.9435,0.0000,13.7989,0.0000,0.4592
3375.3000,49.9391,0.0000,13.7077,0.0000,0.4591
3375.4000,49.9352,0.0000,13.5698,0.0000,0.4591
3375.5000,49.9298,0.0000,13.1783,0.0000,0.4590
3375.6000,49.9229,0.0000,12.7627,0.0000,0.4590
3375.7000,49.9143,0.0000,12.3766,0.0000,0.4590
3375.8000,49.9046,0.0000,11.9935,0.0000,0.4589
3375.9000,49.8932,0.0000,11.7806,0.0000,0.4589
3376.0000,49.8818,0.0000,11.9230,0.0000,0.4588
3376.1000,49.8716,0.0000,12.4488,0.0000,0.4588
3376.2000,49.8643,0.0000,13.0748,0.0000,0.4588
3376.3000,49.8587,0.0000,13.5934,0.0000,0.4587
3376.4000,49.8554,0.0000,14.2528,0.0000,0.4587
3376.5000,49.8549,0.0000,14.9176,0.0000,0.4586
3376.6000,49.8566,0.0000,15.3795,0.0000,0.4586
3376.7000,49.8595,0.0000,15.7302,0.0000,0.4585
3376.8000,49.8639,0.0000,16.0447,0.0000,0.4585
3376.9000,49.8692,0.0000,16.1969,0.0000,0.4584
3377.0000,49.8747,0.0000,16.2384,0.0000,0.4584
3377.1000,49.8803,0.0000,16.2336,0.0000,0.4583
3377.2000,49.8857,0.0000,16.1712,0.0000,0.4583
3377.3000,49.8908,0.0000,16.1117,0.0000,0.4582
3377.4000,49.8957,0.0000,16.0548,0.0000,0.4582
3377.5000,49.9004,0.0000,16.0004,0.0000,0.4581
3377.6000,49.9049,0.0000,15.9485,0.0000,0.4581
3377.7000,49.9092,0.0000,15.8990,0.0000,0.4580
3377.8000,49.9133,0.0000,15.8516,0.0000,0.4580
3377.9000,49.9172,0.0000,15.8064,0.0000,0.4579
3378.0000,49.9209,0.0000,15.7632,0.0000,0.4579
3378.1000,49.9245,0.0000,15.7219,0.0000,0.4578
3378.2000,49.9279,0.0000,15.6825,0.0000,0.4578
3378.3000,49.9311,0.0000,15.6449,0.0000,0.4577
3378.4000,49.9342,0.0000,15.6089,0.0000,0.4577
3378.5000,49.9372,0.0000,15.5746,0.0000,0.4576
3378.6000,49.9400,0.0000,15.5418,0.0000,0.4576
3378.7000,49.9427,0.0000,15.5104,0.0000,0.4575
3378.8000,49.9453,0.0000,15.4805,0.0000,0.4575
3378.9000,49.9477,0.0000,15.4519,0.0000,0.4574
3379.0000,49.9501,0.0000,15.4246,0.0000,0.4574
3379.1000,49.9523,0.0000,15.3986,0.0000,0.4573
3379.2000,49.9545,0.0000,15.3737,0.0000,0.4573
3379.3000,49.9565,0.0000,15.3499,0.0000,0.4572
3379.4000,49.9585,0.0000,15.3272,0.0000,0.4572
3379.5000,49.9604,0.0000,15.3055,0.0000,0.4571
3379.6000,49.9621,0.0000,15.2848,0.0000,0.4571
3379.7000,49.9638,0.0000,15.2650,0.0000,0.4570
3379.8000,49.9655,0.0000,15.2461,0.0000,0.4570
3379.9000,49.9670,0.0000,15.2281,0.0000,0.4569
3380.0000,49.9685,0.0000,15.2108,0.0000,0.4569
3380.1000,49.9699,0.0000,15.1944,0.0000,0.4568
3380.2000,49.9713,0.0000,15.1786,0.0000,0.4568
3380.3000,49.9726,0.0000,15.1636,0.0000,0.4567
3380.4000,49.9738,0.0000,15.1493,0.0000,0.4567
3380.5000,49.9750,0.0000,15.1356,0.0000,0.4566
3380.6000,49.9761,0.0000,15.1225,0.0000,0.4566
3380.7000,49.9772,0.0000,15.1100,0.0000,0.4565
3380.8000,49.9782,0.0000,15.0981,0.0000,0.4565
3380.9000,49.9792,0.0000,15.0867,0.0000,0.4564
3381.0000,49.9801,0.0000,15.0758,0.0000,0.4564
3381.1000,49.9810,0.0000,15.0654,0.0000,0.4563
3381.2000,49.9819,0.0000,15.0555,0.0000,0.4563
3381.3000,49.9827,0.0000,15.0460,0.0000,0.4562
3381.4000,49.9835,0.0000,15.0370,0.0000,0.4562
3381.5000,49.9842,0.0000,15.0283,0.0000,0.4561
3381.6000,49.9849,0.0000,15.0201,0.0000,0.4561
3381.7000,49.9856,0.0000,15.0122,0.0000,0.4560
3381.8000,49.9863,0.0000,15.0046,0.0000,0.4560
3381.9000,49.9869,0.0000,14.9975,0.0000,0.4559
3382.0000,49.9875,0.0000,14.9906,0.0000,0.4559
3382.1000,49.9880,0.0000,14.9840,0.0000,0.4558
3382.2000,49.9886,0.0000,14.9778,0.0000,0.4558
3382.3000,49.9891,0.0000,14.9718,0.0000,0.4558
3382.4000,49.9896,0.0000,14.9661,0.0000,0.4557
3382.5000,49.9900,0.0000,14.9606,0.0000,0.4557
3382.6000,49.9905,0.0000,14.9554,0.0000,0.4556
3382.7000,49.9909,0.0000,14.9504,0.0000,0.4556
3382.8000,49.9913,0.0000,14.9457,0.0000,0.4555
3382.9000,49.9917,0.0000,14.9411,0.0000,0.4555
3383.0000,49.9921,0.0000,14.9368,0.0000,0.4554
3383.1000,49.9924,0.0000,14.9327,0.0000,0.4554
3383.2000,49.9928,0.0000,14.9287,0.0000,0.4553
3383.3000,49.9931,0.0000,14.9249,0.0000,0.4553
3383.4000,49.9934,0.0000,14.9213,0.0000,0.4552
3383.5000,49.9937,0.0000,14.9179,0.0000,0.4552
3383.6000,49.9940,0.0000,14.9146,0.0000,0.4551
3383.7000,49.9943,0.0000,14.9115,0.0000,0.4551
3383.8000,49.9945,0.0000,14.9085,0.0000,0.4550
3383.9000,49.9948,0.0000,14.9056,0.0000,0.4550
3384.0000,49.9950,0.0000,14.9029,0.0000,0.4549
3384.1000,49.9952,0.0000,14.9002,0.0000,0.4549
3384.2000,49.9954,0.0000,14.8977,0.0000,0.4548
3384.3000,49.9957,0.0000,14.8954,0.0000,0.4548
3384.4000,49.9958,0.0000,14.8931,0.0000,0.4547
3384.5000,49.9960,0.0000,14.8909,0.0000,0.4547
3384.6000,49.9962,0.0000,14.8888,0.0000,0.4546
3384.7000,49.9964,0.0000,14.8869,0.0000,0.4546
3384.8000,49.9965,0.0000,14.8850,0.0000,0.4546
3384.9000,49.9967,0.0000,14.8832,0.0000,0.4545
3385.0000,49.9968,0.0000,14.8814,0.0000,0.4545
3385.1000,49.9970,0.0000,14.8798,0.0000,0.4544
3385.2000,49.9971,0.0000,14.8782,0.0000,0.4544
3385.3000,49.9973,0.0000,14.8767,0.0000,0.4543
3385.4000,49.9974,0.0000,14.8753,0.0000,0.4543
3385.5000,49.9975,0.0000,14.8739,0.0000,0.4542
3385.6000,49.9976,0.0000,14.8726,0.0000,0.4542
3385.7000,49.9977,0.0000,14.8713,0.0000,0.4541
3385.8000,49.9978,0.0000,14.8701,0.0000,0.4541
3385.9000,49.9979,0.0000,14.8690,0.0000,0.4540
3386.0000,49.9980,0.0000,14.8679,0.0000,0.4540
3386.1000,49.9981,0.0000,14.8669,0.0000,0.4539
3386.2000,49.9982,0.0000,14.8659,0.0000,0.4539
3386.3000,49.9983,0.0000,14.8649,0.0000,0.4538
3386.4000,49.9983,0.0000,14.8640,0.0000,0.4538
3386.5000,49.9984,0.0000,14.8632,0.0000,0.4537
3386.6000,49.9985,0.0000,14.8623,0.0000,0.4537
3386.7000,49.9986,0.0000,14.8615,0.0000,0.4536
3386.8000,49.9986,0.0000,14.7398,0.0000,0.4536
3386.9000,49.9978,0.0000,14.6203,0.0000,0.4535
3387.0000,49.9969,0.0000,14.6272,0.0000,0.4535
3387.1000,49.9961,0.0000,14.6364,0.0000,0.4534
3387.2000,49.9954,0.0000,14.5235,0.0000,0.4534
3387.3000,49.9937,0.0000,14.2279,0.0000,0.4534
3387.4000,49.9907,0.0000,13.6660,0.0000,0.4533
3387.5000,49.9849,0.0000,12.9255,0.0000,0.4533
3387.6000,49.9763,0.0000,12.2483,0.0000,0.4532
3387.7000,49.9654,0.0000,11.8054,0.0000,0.4532
3387.8000,49.9535,0.0000,11.8071,0.0000,0.4531
3387.9000,49.9426,0.0000,11.9952,0.0000,0.4531
3388.0000,49.9322,0.0000,11.9987,0.0000,0.4531
3388.1000,49.9214,0.0000,11.7550,0.0000,0.4530
3388.2000,49.9092,0.0000,11.4727,0.0000,0.4530
3388.3000,49.8962,0.0000,11.3414,0.0000,0.4530
3388.4000,49.8831,0.0000,11.4928,0.0000,0.4529
3388.5000,49.8714,0.0000,11.9287,0.0000,0.4529
3388.6000,49.8616,0.0000,12.5551,0.0000,0.4528
3388.7000,49.8546,0.0000,13.1700,0.0000,0.4528
3388.8000,49.8495,0.0000,13.7862,0.0000,0.4527
3388.9000,49.8472,0.0000,14.4666,0.0000,0.4527
3389.0000,49.8473,0.0000,15.0739,0.0000,0.4526
3389.1000,49.8496,0.0000,15.5837,0.0000,0.4526
3389.2000,49.8535,0.0000,15.7248,0.0000,0.4525
3389.3000,49.8569,0.0000,15.4658,0.0000,0.4525
3389.4000,49.8588,0.0000,14.9473,0.0000,0.4525
3389.5000,49.8583,0.0000,14.3489,0.0000,0.4524
3389.6000,49.8557,0.0000,13.7042,0.0000,0.4524
3389.7000,49.8503,0.0000,13.2688,0.0000,0.4523
3389.8000,49.8444,0.0000,13.0598,0.0000,0.4523
3389.9000,49.8374,0.0000,12.8957,0.0000,0.4522
3390.0000,49.8303,0.0000,12.7601,0.0000,0.4522
3390.1000,49.8224,0.0000,12.9845,0.0000,0.4521
3390.2000,49.8170,0.0000,13.6820,0.0000,0.4521
3390.3000,49.8143,0.0000,14.3658,0.0000,0.4521
3390.4000,49.8142,0.0000,15.0019,0.0000,0.4520
3390.5000,49.8163,0.0000,15.6910,0.0000,0.4520
3390.6000,49.8214,0.0000,16.2089,0.0000,0.4519
3390.7000,49.8274,0.0000,16.3964,0.0000,0.4519
3390.8000,49.8339,0.0000,16.4620,0.0000,0.4518
3390.9000,49.8404,0.0000,16.5045,0.0000,0.4517
3391.0000,49.8471,0.0000,16.5552,0.0000,0.4517
3391.1000,49.8540,0.0000,16.5379,0.0000,0.4516
3391.2000,49.8606,0.0000,16.4619,0.0000,0.4516
3391.3000,49.8668,0.0000,16.3894,0.0000,0.4515
3391.4000,49.8728,0.0000,16.3200,0.0000,0.4515
3391.5000,49.8786,0.0000,16.2538,0.0000,0.4514
3391.6000,49.8840,0.0000,16.1905,0.0000,0.4514
3391.7000,49.8892,0.0000,16.1301,0.0000,0.4513
3391.8000,49.8942,0.0000,16.0724,0.0000,0.4513
3391.9000,49.8990,0.0000,16.0173,0.0000,0.4512
3392.0000,49.9035,0.0000,15.9646,0.0000,0.4512
3392.1000,49.9079,0.0000,15.9143,0.0000,0.4511
3392.2000,49.9120,0.0000,15.8663,0.0000,0.4511
3392.3000,49.9160,0.0000,15.8204,0.0000,0.4510
3392.4000,49.9198,0.0000,15.7766,0.0000,0.4510
3392.5000,49.9234,0.0000,15.7347,0.0000,0.4509
3392.6000,49.9268,0.0000,15.6947,0.0000,0.4509
3392.7000,49.9301,0.0000,15.6565,0.0000,0.4508
3392.8000,49.9333,0.0000,15.6200,0.0000,0.4508
3392.9000,49.9363,0.0000,15.5852,0.0000,0.4507
3393.0000,49.9391,0.0000,15.5519,0.0000,0.4507
3393.1000,49.9419,0.0000,15.5201,0.0000,0.4506
3393.2000,49.9445,0.0000,15.4811,0.0000,0.4506
3393.3000,49.9469,0.0000,15.3679,0.0000,0.4505
3393.4000,49.9487,0.0000,15.2460,0.0000,0.4505
3393.5000,49.9502,0.0000,14.9814,0.0000,0.4504
3393.6000,49.9499,0.0000,14.4609,0.0000,0.4504
3393.7000,49.9475,0.0000,13.8397,0.0000,0.4503
3393.8000,49.9425,0.0000,13.3196,0.0000,0.4503
3393.9000,49.9362,0.0000,12.7943,0.0000,0.4503
3394.0000,49.9273,0.0000,12.3085,0.0000,0.4502
3394.1000,49.9173,0.0000,12.0561,0.0000,0.4502
3394.2000,49.9066,0.0000,11.9210,0.0000,0.4501
3394.3000,49.8956,0.0000,11.6615,0.0000,0.4501
3394.4000,49.8829,0.0000,11.4505,0.0000,0.4501
3394.5000,49.8704,0.0000,11.8300,0.0000,0.4500
3394.6000,49.8606,0.0000,12.4731,0.0000,0.4500
3394.7000,49.8530,0.0000,13.1336,0.0000,0.4499
3394.8000,49.8483,0.0000,14.0292,0.0000,0.4499
3394.9000,49.8475,0.0000,15.0012,0.0000,0.4498
3395.0000,49.8501,0.0000,15.5691,0.0000,0.4498
3395.1000,49.8536,0.0000,15.8868,0.0000,0.4497
3395.2000,49.8587,0.0000,16.1738,0.0000,0.4497
3395.3000,49.8643,0.0000,16.3163,0.0000,0.4496
3395.4000,49.8704,0.0000,16.3415,0.0000,0.4496
3395.5000,49.8762,0.0000,16.2776,0.0000,0.4495
3395.6000,49.8818,0.0000,16.2166,0.0000,0.4495
3395.7000,49.8871,0.0000,16.1550,0.0000,0.4494
3395.8000,49.8922,0.0000,16.0961,0.0000,0.4494
3395.9000,49.8970,0.0000,16.0400,0.0000,0.4493
3396.0000,49.9017,0.0000,15.9863,0.0000,0.4493
3396.1000,49.9061,0.0000,15.9350,0.0000,0.4492
3396.2000,49.9103,0.0000,15.8860,0.0000,0.4492
3396.3000,49.9143,0.0000,15.8393,0.0000,0.4491
3396.4000,49.9182,0.0000,15.7946,0.0000,0.4491
3396.5000,49.9219,0.0000,15.7519,0.0000,0.4490
3396.6000,49.9254,0.0000,15.7112,0.0000,0.4490
3396.7000,49.9288,0.0000,15.6722,0.0000,0.4489
3396.8000,49.9320,0.0000,15.6350,0.0000,0.4489
3396.9000,49.9350,0.0000,15.5995,0.0000,0.4488
3397.0000,49.9379,0.0000,15.5656,0.0000,0.4488
3397.1000,49.9407,0.0000,15.5332,0.0000,0.4487
3397.2000,49.9434,0.0000,15.5023,0.0000,0.4487
3397.3000,49.9460,0.0000,15.4727,0.0000,0.4486
3397.4000,49.9484,0.0000,15.4445,0.0000,0.4486
3397.5000,49.9507,0.0000,15.4175,0.0000,0.4485
3397.6000,49.9529,0.0000,15.3918,0.0000,0.4485
3397.7000,49.9550,0.0000,15.3672,0.0000,0.4484
3397.8000,49.9571,0.0000,15.3437,0.0000,0.4484
3397.9000,49.9590,0.0000,15.3213,0.0000,0.4483
3398.0000,49.9608,0.0000,15.2998,0.0000,0.4483
3398.1000,49.9626,0.0000,15.2794,0.0000,0.4482
3398.2000,49.9643,0.0000,15.2598,0.0000,0.4482
3398.3000,49.9659,0.0000,15.2412,0.0000,0.4481
3398.4000,49.9674,0.0000,15.2233,0.0000,0.4481
3398.5000,49.9689,0.0000,15.2063,0.0000,0.4480
3398.6000,49.9703,0.0000,15.1901,0.0000,0.4480
3398.7000,49.9716,0.0000,15.1745,0.0000,0.4479
3398.8000,49.9729,0.0000,15.1597,0.0000,0.4479
3398.9000,49.9741,0.0000,15.1455,0.0000,0.4478
3399.0000,49.9753,0.0000,15.1320,0.0000,0.4478
3399.1000,49.9764,0.0000,15.1191,0.0000,0.4477
3399.2000,49.9775,0.0000,15.1068,0.0000,0.4477
3399.3000,49.9785,0.0000,15.0950,0.0000,0.4476
3399.4000,49.9794,0.0000,15.0837,0.0000,0.4476
3399.5000,49.9804,0.0000,15.0730,0.0000,0.4475
3399.6000,49.9813,0.0000,15.0627,0.0000,0.4475
3399.7000,49.9821,0.0000,15.0529,0.0000,0.4474
3399.8000,49.9829,0.0000,15.0435,0.0000,0.4474
3399.9000,49.9837,0.0000,15.0346,0.0000,0.4473
3400.0000,49.9844,0.0000,15.0261,0.0000,0.4473
3400.1000,49.9851,0.0000,15.0179,0.0000,0.4472
3400.2000,49.9858,0.0000,15.0101,0.0000,0.4472
3400.3000,49.9864,0.0000,15.0027,0.0000,0.4472
3400.4000,49.9870,0.0000,14.9956,0.0000,0.4471
3400.5000,49.9876,0.0000,14.9888,0.0000,0.4471
3400.6000,49.9882,0.0000,14.9823,0.0000,0.4470
3400.7000,49.9887,0.0000,14.9761,0.0000,0.4470
3400.8000,49.9892,0.0000,14.9702,0.0000,0.4469
3400.9000,49.9897,0.0000,14.9646,0.0000,0.4469
3401.0000,49.9902,0.0000,14.9592,0.0000,0.4468
3401.1000,49.9906,0.0000,14.9540,0.0000,0.4468
3401.2000,49.9910,0.0000,14.9491,0.0000,0.4467
3401.3000,49.9914,0.0000,14.9444,0.0000,0.4467
3401.4000,49.9918,0.0000,14.9400,0.0000,0.4466
3401.5000,49.9922,0.0000,14.9357,0.0000,0.4466
3401.6000,49.9925,0.0000,14.9316,0.0000,0.4465
3401.7000,49.9929,0.0000,14.9277,0.0000,0.4465
3401.8000,49.9932,0.0000,14.9239,0.0000,0.4464
3401.9000,49.9935,0.0000,14.9204,0.0000,0.4464
3402.0000,49.9938,0.0000,14.9170,0.0000,0.4463
3402.1000,49.9941,0.0000,14.9137,0.0000,0.4463
3402.2000,49.9943,0.0000,14.9106,0.0000,0.4462
3402.3000,49.9946,0.0000,14.9077,0.0000,0.4462
3402.4000,49.9948,0.0000,14.9048,0.0000,0.4461
3402.5000,49.9951,0.0000,14.9021,0.0000,0.4461
3402.6000,49.9953,0.0000,14.8996,0.0000,0.4460
3402.7000,49.9955,0.0000,14.8971,0.0000,0.4460
3402.8000,49.9957,0.0000,14.8947,0.0000,0.4459
3402.9000,49.9959,0.0000,14.8925,0.0000,0.4459
3403.0000,49.9961,0.0000,14.8903,0.0000,0.4459
3403.1000,49.9963,0.0000,14.8883,0.0000,0.4458
3403.2000,49.9964,0.0000,14.8863,0.0000,0.4458
3403.3000,49.9966,0.0000,14.8845,0.0000,0.4457
3403.4000,49.9967,0.0000,14.8827,0.0000,0.4457
3403.5000,49.9969,0.0000,14.8810,0.0000,0.4456
3403.6000,49.9970,0.0000,14.8794,0.0000,0.4456
3403.7000,49.9972,0.0000,14.8778,0.0000,0.4455
3403.8000,49.9973,0.0000,14.8763,0.0000,0.4455
3403.9000,49.9974,0.0000,14.8749,0.0000,0.4454
3404.0000,49.9975,0.0000,14.8735,0.0000,0.4454
3404.1000,49.9976,0.0000,14.8722,0.0000,0.4453
3404.2000,49.9977,0.0000,14.8710,0.0000,0.4453
3404.3000,49.9978,0.0000,14.8698,0.0000,0.4452
3404.4000,49.9979,0.0000,14.8687,0.0000,0.4452
3404.5000,49.9980,0.0000,14.8676,0.0000,0.4451
3404.6000,49.9981,0.0000,14.8666,0.0000,0.4451
3404.7000,49.9982,0.0000,14.8656,0.0000,0.4450
3404.8000,49.9983,0.0000,14.8647,0.0000,0.4450
3404.9000,49.9984,0.0000,14.8638,0.0000,0.4449
3405.0000,49.9984,0.0000,14.8629,0.0000,0.4449
3405.1000,49.9985,0.0000,14.8621,0.0000,0.4448
3405.2000,49.9986,0.0000,14.8613,0.0000,0.4448
3405.3000,49.9986,0.0000,14.8606,0.0000,0.4448
3405.4000,49.9987,0.0000,14.8599,0.0000,0.4447
3405.5000,49.9988,0.0000,14.8592,0.0000,0.4447
3405.6000,49.9988,0.0000,14.8586,0.0000,0.4446
3405.7000,49.9989,0.0000,14.8579,0.0000,0.4446
3405.8000,49.9989,0.0000,14.8573,0.0000,0.4445
3405.9000,49.9990,0.0000,14.8568,0.0000,0.4445
3406.0000,49.9990,0.0000,14.8562,0.0000,0.4444
3406.1000,49.9991,0.0000,14.8557,0.0000,0.4444
3406.2000,49.9991,0.0000,14.8552,0.0000,0.4443
3406.3000,49.9991,0.0000,14.8548,0.0000,0.4443
3406.4000,49.9992,0.0000,14.8543,0.0000,0.4442
3406.5000,49.9992,0.0000,14.8539,0.0000,0.4442
3406.6000,49.9993,0.0000,14.8535,0.0000,0.4441
3406.7000,49.9993,0.0000,14.8531,0.0000,0.4441
3406.8000,49.9993,0.0000,14.8527,0.0000,0.4440
3406.9000,49.9993,0.0000,14.8524,0.0000,0.4440
3407.0000,49.9994,0.0000,14.8520,0.0000,0.4439
3407.1000,49.9994,0.0000,14.8517,0.0000,0.4439
3407.2000,49.9994,0.0000,14.8514,0.0000,0.4438
3407.3000,49.9995,0.0000,14.8511,0.0000,0.4438
3407.4000,49.9995,0.0000,14.8508,0.0000,0.4437
3407.5000,49.9995,0.0000,14.8505,0.0000,0.4437
3407.6000,49.9995,0.0000,14.8503,0.0000,0.4436
3407.7000,49.9996,0.0000,14.8500,0.0000,0.4436
3407.8000,49.9996,0.0000,14.8498,0.0000,0.4436
3407.9000,49.9996,0.0000,14.8496,0.0000,0.4435
3408.0000,49.9996,0.0000,14.8494,0.0000,0.4435
3408.1000,49.9996,0.0000,14.8491,0.0000,0.4434
3408.2000,49.9996,0.0000,14.8489,0.0000,0.4434
3408.3000,49.9997,0.0000,14.8488,0.0000,0.4433
3408.4000,49.9997,0.0000,14.8486,0.0000,0.4433
3408.5000,49.9997,0.0000,14.8484,0.0000,0.4432
3408.6000,49.9997,0.0000,14.8483,0.0000,0.4432
3408.7000,49.9997,0.0000,14.8481,0.0000,0.4431
3408.8000,49.9997,0.0000,14.8479,0.0000,0.4431
3408.9000,49.9997,0.0000,14.8478,0.0000,0.4430
3409.0000,49.9998,0.0000,14.8477,0.0000,0.4430
3409.1000,49.9998,0.0000,14.8475,0.0000,0.4429
3409.2000,49.9998,0.0000,14.8474,0.0000,0.4429
3409.3000,49.9998,0.0000,14.8473,0.0000,0.4428
3409.4000,49.9998,0.0000,14.8472,0.0000,0.4428
3409.5000,49.9998,0.0000,14.8471,0.0000,0.4427
3409.6000,49.9998,0.0000,14.8470,0.0000,0.4427
3409.7000,49.9998,0.0000,14.8469,0.0000,0.4426
3409.8000,49.9998,0.0000,14.8468,0.0000,0.4426
3409.9000,49.9998,0.0000,14.8467,0.0000,0.4425
3410.0000,49.9998,0.0000,14.8466,0.0000,0.4425
3410.1000,49.9999,0.0000,14.8465,0.0000,0.4425
3410.2000,49.9999,0.0000,14.8464,0.0000,0.4424
3410.3000,49.9999,0.0000,14.8464,0.0000,0.4424
3410.4000,49.9999,0.0000,14.8463,0.0000,0.4423
3410.5000,49.9999,0.0000,14.8462,0.0000,0.4423
3410.6000,49.9999,0.0000,14.8462,0.0000,0.4422
3410.7000,49.9999,0.0000,1.6310,0.0000,0.4422
3410.8000,49.9001,0.0000,-24.7768,0.0000,0.4422
3410.9000,49.7005,0.0000,-51.0031,0.0000,0.4424
3411.0000,49.4011,0.0000,-76.8888,0.0000,0.4425
3411.1000,49.0018,0.0000,-102.2741,0.0000,0.4427
3411.2000,48.5028,0.0000,-114.1795,0.0000,0.4428
3411.3000,48.0038,0.0000,-113.1296,0.0000,0.4430
3411.4000,47.5047,0.0000,-112.0758,0.0000,0.4432
3411.5000,47.0057,0.0000,-111.0182,0.0000,0.4433
3411.6000,46.5067,0.0000,-109.9569,0.0000,0.4435
3411.7000,46.0077,0.0000,-108.8917,0.0000,0.4437
3411.8000,45.5086,0.0000,-107.8229,0.0000,0.4438
3411.9000,45.0096,0.0000,-106.7503,0.0000,0.4440
3412.0000,44.5106,0.0000,-105.6742,0.0000,0.4441
3412.1000,44.0115,0.0000,-104.5944,0.0000,0.4443
3412.2000,43.5125,0.0000,-103.5111,0.0000,0.4445
3412.3000,43.0135,0.0000,-102.4243,0.0000,0.4446
3412.4000,42.5144,0.0000,-101.3340,0.0000,0.4448
3412.5000,42.0154,0.0000,-100.2403,0.0000,0.4449
3412.6000,41.5164,0.0000,-99.1432,0.0000,0.4451
3412.7000,41.0174,0.0000,-98.0427,0.0000,0.4453
3412.8000,40.5183,0.0000,-96.9389,0.0000,0.4454
3412.9000,40.0193,0.0000,-95.8319,0.0000,0.4456
3413.0000,39.5203,0.0000,-94.7216,0.0000,0.4457
3413.1000,39.0212,0.0000,-93.6082,0.0000,0.4459
3413.2000,38.5222,0.0000,-92.4916,0.0000,0.4461
3413.3000,38.0232,0.0000,-91.3718,0.0000,0.4462
3413.4000,37.5241,0.0000,-90.2491,0.0000,0.4464
3413.5000,37.0251,0.0000,-89.1232,0.0000,0.4465
3413.6000,36.5261,0.0000,-87.9944,0.0000,0.4467
3413.7000,36.0271,0.0000,-86.8627,0.0000,0.4469
3413.8000,35.5280,0.0000,-85.7280,0.0000,0.4470
3413.9000,35.0290,0.0000,-84.5905,0.0000,0.4472
3414.0000,34.5300,0.0000,-83.4501,0.0000,0.4473
3414.1000,34.0309,0.0000,-82.3070,0.0000,0.4475
3414.2000,33.5319,0.0000,-81.1611,0.0000,0.4477
3414.3000,33.0329,0.0000,-80.0125,0.0000,0.4478
3414.4000,32.5339,0.0000,-78.8613,0.0000,0.4480
3414.5000,32.0348,0.0000,-77.7074,0.0000,0.4481
3414.6000,31.5358,0.0000,-76.5509,0.0000,0.4483
3414.7000,31.0368,0.0000,-75.3919,0.0000,0.4485
3414.8000,30.5377,0.0000,-74.2304,0.0000,0.4486
3414.9000,30.0387,0.0000,-73.0664,0.0000,0.4488
3415.0000,29.5397,0.0000,-71.9000,0.0000,0.4489
3415.1000,29.0406,0.0000,-70.7312,0.0000,0.4491
3415.2000,28.5416,0.0000,-69.5601,0.0000,0.4492
3415.3000,28.0426,0.0000,-68.3866,0.0000,0.4493
3415.4000,27.5436,0.0000,-67.2109,0.0000,0.4495
3415.5000,27.0445,0.0000,-66.0330,0.0000,0.4496
3415.6000,26.5455,0.0000,-64.8529,0.0000,0.4498
3415.7000,26.0465,0.0000,-63.6706,0.0000,0.4499
3415.8000,25.5474,0.0000,-62.4863,0.0000,0.4500
3415.9000,25.0484,0.0000,-61.2999,0.0000,0.4502
3416.0000,24.5494,0.0000,-60.1114,0.0000,0.4503
3416.1000,24.0503,0.0000,-58.9210,0.0000,0.4504
3416.2000,23.5513,0.0000,-57.7287,0.0000,0.4505
3416.3000,23.0523,0.0000,-56.5344,0.0000,0.4506
3416.4000,22.5533,0.0000,-55.3383,0.0000,0.4507
3416.5000,22.0542,0.0000,-54.1403,0.0000,0.4509
3416.6000,21.5552,0.0000,-52.9406,0.0000,0.4510
3416.7000,21.0562,0.0000,-51.7392,0.0000,0.4511
3416.8000,20.5571,0.0000,-50.5360,0.0000,0.4512
3416.9000,20.0581,0.0000,-49.3312,0.0000,0.4513
3417.0000,19.5591,0.0000,-48.1248,0.0000,0.4514
3417.1000,19.0600,0.0000,-46.9167,0.0000,0.4515
3417.2000,18.5610,0.0000,-45.7072,0.0000,0.4515
3417.3000,18.0620,0.0000,-44.4961,0.0000,0.4516
3417.4000,17.5630,0.0000,-43.2836,0.0000,0.4517
3417.5000,17.0639,0.0000,-42.0697,0.0000,0.4518
3417.6000,16.5649,0.0000,-40.8544,0.0000,0.4519
3417.7000,16.0659,0.0000,-39.6378,0.0000,0.4520
3417.8000,15.5668,0.0000,-38.4198,0.0000,0.4520
3417.9000,15.0678,0.0000,-37.2006,0.0000,0.4521
3418.0000,14.5688,0.0000,-35.9802,0.0000,0.4522
3418.1000,14.0697,0.0000,-34.7586,0.0000,0.4522
3418.2000,13.5707,0.0000,-33.5359,0.0000,0.4523
3418.3000,13.0717,0.0000,-32.3121,0.0000,0.4524
3418.4000,12.5727,0.0000,-31.0872,0.0000,0.4524
3418.5000,12.0736,0.0000,-29.8614,0.0000,0.4525
3418.6000,11.5746,0.0000,-28.6345,0.0000,0.4525
3418.7000,11.0756,0.0000,-27.4067,0.0000,0.4526
3418.8000,10.5765,0.0000,-26.1780,0.0000,0.4526
3418.9000,10.0775,0.0000,-24.9485,0.0000,0.4527
3419.0000,9.5785,0.0000,-23.7181,0.0000,0.4527
3419.1000,9.0794,0.0000,-22.4870,0.0000,0.4527
3419.2000,8.5804,0.0000,-21.2551,0.0000,0.4528
3419.3000,8.0814,0.0000,-20.0226,0.0000,0.4528
3419.4000,7.5824,0.0000,-18.7894,0.0000,0.4528
3419.5000,7.0833,0.0000,-17.5556,0.0000,0.4529
3419.6000,6.5843,0.0000,-16.3212,0.0000,0.4529
3419.7000,6.0853,0.0000,-14.9931,0.0000,0.4529
3419.8000,5.5920,0.0000,-13.4797,0.0000,0.4529
3419.9000,5.1132,0.0000,-11.8283,0.0000,0.4529
3420.0000,4.6568,0.0000,-10.1848,0.0000,0.4529
3420.1000,4.2258,0.0000,-8.5932,0.0000,0.4529
3420.2000,3.8274,0.0000,-7.1136,0.0000,0.4529
3420.3000,3.4625,0.0000,-5.8476,0.0000,0.4529
3420.4000,3.1283,0.0000,-4.7961,0.0000,0.4529
3420.5000,2.8223,0.0000,-3.8929,0.0000,0.4529
3420.6000,2.5461,0.0000,-3.1283,0.0000,0.4529
3420.7000,2.2970,0.0000,-2.5098,0.0000,0.4529
3420.8000,2.0723,0.0000,-2.0100,0.0000,0.4529
3420.9000,1.8696,0.0000,-1.6064,0.0000,0.4529
3421.0000,1.6867,0.0000,-1.2807,0.0000,0.4529
3421.1000,1.5217,0.0000,-1.0183,0.0000,0.4529
3421.2000,1.3728,0.0000,-0.8071,0.0000,0.4528
3421.3000,1.2385,0.0000,-0.6373,0.0000,0.4528
3421.4000,1.1173,0.0000,-0.5010,0.0000,0.4528
3421.5000,1.0080,0.0000,-0.3918,0.0000,0.4528
3421.6000,0.9094,0.0000,-0.3045,0.0000,0.4528
3421.7000,0.8204,0.0000,-0.2348,0.0000,0.4528
3421.8000,0.7402,0.0000,-0.1794,0.0000,0.4528
3421.9000,0.6677,0.0000,-0.1355,0.0000,0.4528
3422.0000,0.6024,0.0000,-0.1007,0.0000,0.4528
3422.1000,0.5435,0.0000,-0.0734,0.0000,0.4528
3422.2000,0.4903,0.0000,-0.0519,0.0000,0.4528
3422.3000,0.4423,0.0000,-0.0353,0.0000,0.4528
3422.4000,0.3991,0.0000,-0.0224,0.0000,0.4528
3422.5000,0.3600,0.0000,-0.0125,0.0000,0.4528
3422.6000,0.3248,0.0000,-0.0051,0.0000,0.4528
3422.7000,0.2930,0.0000,0.0005,0.0000,0.4528
3422.8000,0.2644,0.0000,0.0046,0.0000,0.4528
3422.9000,0.2385,0.0000,0.0075,0.0000,0.4528
3423.0000,0.2152,0.0000,-0.1011,0.0000,0.4528
3423.1000,0.0000,0.0000,-0.0000,0.0000,0.4527
3423.2000,0.0000,0.0000,0.0000,0.0000,0.4527
3423.3000,0.0000,0.0000,0.0000,0.0000,0.4527
3423.4000,0.0000,0.0000,0.0000,0.0000,0.4527
3423.5000,0.0000,0.0000,0.0000,0.0000,0.4527
3423.6000,0.0000,0.0000,0.0000,0.0000,0.4527
3423.7000,0.0000,0.0000,0.0000,0.0000,0.4527
3423.8000,0.0000,0.0000,0.0000,0.0000,0.4527
3423.9000,0.0000,0.0000,0.0000,0.0000,0.4527
3424.0000,0.0000,0.0000,0.0000,0.0000,0.4527
3424.1000,0.0000,0.0000,0.0000,0.0000,0.4527
3424.2000,0.0000,0.0000,0.0000,0.0000,0.4527
3424.3000,0.0000,0.0000,0.0000,0.0000,0.4527
3424.4000,0.0000,0.0000,0.0000,0.0000,0.4527
3424.5000,0.0000,0.0000,0.0000,0.0000,0.4527
3424.6000,0.0000,0.0000,0.0000,0.0000,0.4527
3424.7000,0.0000,0.0000,0.0000,0.0000,0.4527
3424.8000,0.0000,0.0000,0.0000,0.0000,0.4527
3424.9000,0.0000,0.0000,0.0000,0.0000,0.4527
3425.0000,0.0000,0.0000,0.0000,0.0000,0.4527
3425.1000,0.0000,0.0000,0.0000,0.0000,0.4526
3425.2000,0.0000,0.0000,0.0000,0.0000,0.4526
3425.3000,0.0000,0.0000,0.0000,0.0000,0.4526
3425.4000,0.0000,0.0000,0.0000,0.0000,0.4526
3425.5000,0.0000,0.0000,0.0000,0.0000,0.4526
3425.6000,0.0000,0.0000,0.0000,0.0000,0.4526
3425.7000,0.0000,0.0000,0.0000,0.0000,0.4526
3425.8000,0.0000,0.0000,0.0000,0.0000,0.4526
3425.9000,0.0000,0.0000,0.0000,0.0000,0.4526
3426.0000,0.0000,0.0000,0.0000,0.0000,0.4526
3426.1000,0.0000,0.0000,0.0000,0.0000,0.4526
3426.2000,0.0000,0.0000,0.0000,0.0000,0.4526
3426.3000,0.0000,0.0000,0.0000,0.0000,0.4526
3426.4000,0.0000,0.0000,0.0000,0.0000,0.4526
3426.5000,0.0000,0.0000,0.0000,0.0000,0.4526
3426.6000,0.0000,0.0000,0.0000,0.0000,0.4526
3426.7000,0.0000,0.0000,0.0000,0.0000,0.4526
3426.8000,0.0000,0.0000,0.0000,0.0000,0.4526
3426.9000,0.0000,0.0000,0.0000,0.0000,0.4526
3427.0000,0.0000,0.0000,0.0000,0.0000,0.4525
3427.1000,0.0000,0.0000,0.0000,0.0000,0.4525
3427.2000,0.0000,0.0000,0.0000,0.0000,0.4525
3427.3000,0.0000,0.0000,0.0000,0.0000,0.4525
3427.4000,0.0000,0.0000,0.0000,0.0000,0.4525
3427.5000,0.0000,0.0000,0.0000,0.0000,0.4525
3427.6000,0.0000,0.0000,0.0000,0.0000,0.4525
3427.7000,0.0000,0.0000,0.0000,0.0000,0.4525
3427.8000,0.0000,0.0000,0.0000,0.0000,0.4525
3427.9000,0.0000,0.0000,0.0000,0.0000,0.4525
3428.0000,0.0000,0.0000,0.0000,0.0000,0.4525
3428.1000,0.0000,0.0000,0.0000,0.0000,0.4525
3428.2000,0.0000,0.0000,0.0000,0.0000,0.4525
3428.3000,0.0000,0.0000,0.0000,0.0000,0.4525
3428.4000,0.0000,0.0000,0.0000,0.0000,0.4525
3428.5000,0.0000,0.0000,0.0000,0.0000,0.4525
3428.6000,0.0000,0.0000,0.0000,0.0000,0.4525
3428.7000,0.0000,0.0000,0.0000,0.0000,0.4525
3428.8000,0.0000,0.0000,0.0000,0.0000,0.4525
3428.9000,0.0000,0.0000,0.0000,0.0000,0.4524
3429.0000,0.0000,0.0000,0.0000,0.0000,0.4524
3429.1000,0.0000,0.0000,0.0000,0.0000,0.4524
3429.2000,0.0000,0.0000,0.0000,0.0000,0.4524
3429.3000,0.0000,0.0000,0.0000,0.0000,0.4524
3429.4000,0.0000,0.0000,0.0000,0.0000,0.4524
3429.5000,0.0000,0.0000,0.0000,0.0000,0.4524
3429.6000,0.0000,0.0000,0.0000,0.0000,0.4524
3429.7000,0.0000,0.0000,0.0000,0.0000,0.4524
3429.8000,0.0000,0.0000,0.0000,0.0000,0.4524
3429.9000,0.0000,0.0000,0.0000,0.0000,0.4524
3430.0000,0.0000,0.0000,0.0000,0.0000,0.4524
3430.1000,0.0000,0.0000,0.0000,0.0000,0.4524
3430.2000,0.0000,0.0000,0.0000,0.0000,0.4524
3430.3000,0.0000,0.0000,0.0000,0.0000,0.4524
3430.4000,0.0000,0.0000,0.0000,0.0000,0.4524
3430.5000,0.0000,0.0000,0.0000,0.0000,0.4524
3430.6000,0.0000,0.0000,0.0000,0.0000,0.4524
3430.7000,0.0000,0.0000,0.0000,0.0000,0.4524
3430.8000,0.0000,0.0000,0.0000,0.0000,0.4524
3430.9000,0.0000,0.0000,0.0000,0.0000,0.4523
3431.0000,0.0000,0.0000,0.0000,0.0000,0.4523
3431.1000,0.0000,0.0000,0.0000,0.0000,0.4523
3431.2000,0.0000,0.0000,0.0000,0.0000,0.4523
3431.3000,0.0000,0.0000,0.0000,0.0000,0.4523
3431.4000,0.0000,0.0000,0.0000,0.0000,0.4523
3431.5000,0.0000,0.0000,0.0000,0.0000,0.4523
3431.6000,0.0000,0.0000,0.0000,0.0000,0.4523
3431.7000,0.0000,0.0000,0.0000,0.0000,0.4523
3431.8000,0.0000,0.0000,0.0000,0.0000,0.4523
3431.9000,0.0000,0.0000,0.0000,0.0000,0.4523
3432.0000,0.0000,0.0000,0.0000,0.0000,0.4523
3432.1000,0.0000,0.0000,0.0000,0.0000,0.4523
3432.2000,0.0000,0.0000,0.0000,0.0000,0.4523
3432.3000,0.0000,0.0000,0.0000,0.0000,0.4523
3432.4000,0.0000,0.0000,0.0000,0.0000,0.4523
3432.5000,0.0000,0.0000,0.0000,0.0000,0.4523
3432.6000,0.0000,0.0000,0.0000,0.0000,0.4523
3432.7000,0.0000,0.0000,0.0000,0.0000,0.4523
3432.8000,0.0000,0.0000,0.0000,0.0000,0.4522
3432.9000,0.0000,0.0000,0.0000,0.0000,0.4522
3433.0000,0.0000,0.0000,0.0000,0.0000,0.4522
3433.1000,0.0000,0.0000,0.0000,0.0000,0.4522
3433.2000,0.0000,0.0000,0.0000,0.0000,0.4522
3433.3000,0.0000,0.0000,0.0000,0.0000,0.4522
3433.4000,0.0000,0.0000,0.0000,0.0000,0.4522
3433.5000,0.0000,0.0000,0.0000,0.0000,0.4522
3433.6000,0.0000,0.0000,0.0000,0.0000,0.4522
3433.7000,0.0000,0.0000,0.0000,0.0000,0.4522
3433.8000,0.0000,0.0000,0.0000,0.0000,0.4522
3433.9000,0.0000,0.0000,0.0000,0.0000,0.4522
3434.0000,0.0000,0.0000,0.0000,0.0000,0.4522
3434.1000,0.0000,0.0000,0.0000,0.0000,0.4522
3434.2000,0.0000,0.0000,0.0000,0.0000,0.4522
3434.3000,0.0000,0.0000,0.0000,0.0000,0.4522
3434.4000,0.0000,0.0000,0.0000,0.0000,0.4522
3434.5000,0.0000,0.0000,0.0000,0.0000,0.4522
3434.6000,0.0000,0.0000,0.0000,0.0000,0.4522
3434.7000,0.0000,0.0000,0.0000,0.0000,0.4521
3434.8000,0.0000,0.0000,0.0000,0.0000,0.4521
3434.9000,0.0000,0.0000,0.0000,0.0000,0.4521
3435.0000,0.0000,0.0000,0.0000,0.0000,0.4521
3435.1000,0.0000,0.0000,0.0000,0.0000,0.4521
3435.2000,0.0000,0.0000,0.0000,0.0000,0.4521
3435.3000,0.0000,0.0000,0.0000,0.0000,0.4521
3435.4000,0.0000,0.0000,0.0000,0.0000,0.4521
3435.5000,0.0000,0.0000,0.0000,0.0000,0.4521
3435.6000,0.0000,0.0000,0.0000,0.0000,0.4521
3435.7000,0.0000,0.0000,0.0000,0.0000,0.4521
3435.8000,0.0000,0.0000,0.0000,0.0000,0.4521
3435.9000,0.0000,0.0000,0.0000,0.0000,0.4521
3436.0000,0.0000,0.0000,0.0000,0.0000,0.4521
3436.1000,0.0000,0.0000,0.0000,0.0000,0.4521
3436.2000,0.0000,0.0000,0.0000,0.0000,0.4521
3436.3000,0.0000,0.0000,0.0000,0.0000,0.4521
3436.4000,0.0000,0.0000,0.0000,0.0000,0.4521
3436.5000,0.0000,0.0000,0.0000,0.0000,0.4521
3436.6000,0.0000,0.0000,0.0000,0.0000,0.4521
3436.7000,0.0000,0.0000,0.0000,0.0000,0.4520
3436.8000,0.0000,0.0000,0.0000,0.0000,0.4520
3436.9000,0.0000,0.0000,0.0000,0.0000,0.4520
3437.0000,0.0000,0.0000,0.0000,0.0000,0.4520
3437.1000,0.0000,0.0000,0.0000,0.0000,0.4520
3437.2000,0.0000,0.0000,0.0000,0.0000,0.4520
3437.3000,0.0000,0.0000,0.0000,0.0000,0.4520
3437.4000,0.0000,0.0000,0.0000,0.0000,0.4520
3437.5000,0.0000,0.0000,0.0000,0.0000,0.4520
3437.6000,0.0000,0.0000,0.0000,0.0000,0.4520
3437.7000,0.0000,0.0000,0.0000,0.0000,0.4520
3437.8000,0.0000,0.0000,0.0000,0.0000,0.4520
3437.9000,0.0000,0.0000,0.0000,0.0000,0.4520
3438.0000,0.0000,0.0000,0.0000,0.0000,0.4520
3438.1000,0.0000,0.0000,0.0000,0.0000,0.4520
3438.2000,0.0000,0.0000,0.0000,0.0000,0.4520
3438.3000,0.0000,0.0000,0.0000,0.0000,0.4520
3438.4000,0.0000,0.0000,0.0000,0.0000,0.4520
3438.5000,0.0000,0.0000,0.0000,0.0000,0.4520
3438.6000,0.0000,0.0000,0.0000,0.0000,0.4519
3438.7000,0.0000,0.0000,0.0000,0.0000,0.4519
3438.8000,0.0000,0.0000,0.0000,0.0000,0.4519
3438.9000,0.0000,0.0000,0.0000,0.0000,0.4519
3439.0000,0.0000,0.0000,0.0000,0.0000,0.4519
3439.1000,0.0000,0.0000,0.0000,0.0000,0.4519
3439.2000,0.0000,0.0000,0.0000,0.0000,0.4519
3439.3000,0.0000,0.0000,0.0000,0.0000,0.4519
3439.4000,0.0000,0.0000,0.0000,0.0000,0.4519
3439.5000,0.0000,0.0000,0.0000,0.0000,0.4519
3439.6000,0.0000,0.0000,0.0000,0.0000,0.4519
3439.7000,0.0000,0.0000,0.0000,0.0000,0.4519
3439.8000,0.0000,0.0000,0.0000,0.0000,0.4519
3439.9000,0.0000,0.0000,0.0000,0.0000,0.4519
3440.0000,0.0000,0.0000,0.0000,0.0000,0.4519
3440.1000,0.0000,0.0000,0.0000,0.0000,0.4519
3440.2000,0.0000,0.0000,0.0000,0.0000,0.4519
3440.3000,0.0000,0.0000,0.0000,0.0000,0.4519
3440.4000,0.0000,0.0000,0.0000,0.0000,0.4519
3440.5000,0.0000,0.0000,0.0000,0.0000,0.4518
3440.6000,0.0000,0.0000,0.0000,0.0000,0.4518
3440.7000,0.0000,0.0000,0.0000,0.0000,0.4518
3440.8000,0.0000,0.0000,0.0000,0.0000,0.4518
3440.9000,0.0000,0.0000,0.0000,0.0000,0.4518
3441.0000,0.0000,0.0000,0.0000,0.0000,0.4518
3441.1000,0.0000,0.0000,0.0000,0.0000,0.4518
3441.2000,0.0000,0.0000,0.0000,0.0000,0.4518
3441.3000,0.0000,0.0000,0.0000,0.0000,0.4518
3441.4000,0.0000,0.0000,0.0000,0.0000,0.4518
3441.5000,0.0000,0.0000,0.0000,0.0000,0.4518
3441.6000,0.0000,0.0000,0.0000,0.0000,0.4518
3441.7000,0.0000,0.0000,0.0000,0.0000,0.4518
3441.8000,0.0000,0.0000,0.0000,0.0000,0.4518
3441.9000,0.0000,0.0000,0.0000,0.0000,0.4518
3442.0000,0.0000,0.0000,0.0000,0.0000,0.4518
3442.1000,0.0000,0.0000,0.0000,0.0000,0.4518
3442.2000,0.0000,0.0000,0.0000,0.0000,0.4518
3442.3000,0.0000,0.0000,0.0000,0.0000,0.4518
3442.4000,0.0000,0.0000,0.0000,0.0000,0.4518
3442.5000,0.0000,0.0000,0.0000,0.0000,0.4517
3442.6000,0.0000,0.0000,0.0000,0.0000,0.4517
3442.7000,0.0000,0.0000,0.0000,0.0000,0.4517
3442.8000,0.0000,0.0000,0.0000,0.0000,0.4517
3442.9000,0.0000,0.0000,0.0000,0.0000,0.4517
3443.0000,0.0000,0.0000,0.0000,0.0000,0.4517
3443.1000,0.0000,0.0000,0.0000,0.0000,0.4517
3443.2000,0.0000,0.0000,0.0000,0.0000,0.4517
3443.3000,0.0000,0.0000,0.0000,0.0000,0.4517
3443.4000,0.0000,0.0000,0.0000,0.0000,0.4517
3443.5000,0.0000,0.0000,0.0000,0.0000,0.4517
3443.6000,0.0000,0.0000,0.0000,0.0000,0.4517
3443.7000,0.0000,0.0000,0.0000,0.0000,0.4517
3443.8000,0.0000,0.0000,0.0000,0.0000,0.4517
3443.9000,0.0000,0.0000,0.0000,0.0000,0.4517
3444.0000,0.0000,0.0000,0.0000,0.0000,0.4517
3444.1000,0.0000,0.0000,0.0000,0.0000,0.4517
3444.2000,0.0000,0.0000,0.0000,0.0000,0.4517
3444.3000,0.0000,0.0000,0.0000,0.0000,0.4517
3444.4000,0.0000,0.0000,0.0000,0.0000,0.4516
3444.5000,0.0000,0.0000,0.0000,0.0000,0.4516
3444.6000,0.0000,0.0000,0.0000,0.0000,0.4516
3444.7000,0.0000,0.0000,0.0000,0.0000,0.4516
3444.8000,0.0000,0.0000,0.0000,0.0000,0.4516
3444.9000,0.0000,0.0000,0.0000,0.0000,0.4516
3445.0000,0.0000,0.0000,0.0000,0.0000,0.4516
3445.1000,0.0000,0.0000,0.0000,0.0000,0.4516
3445.2000,0.0000,0.0000,0.0000,0.0000,0.4516
3445.3000,0.0000,0.0000,0.0000,0.0000,0.4516
3445.4000,0.0000,0.0000,0.0000,0.0000,0.4516
3445.5000,0.0000,0.0000,0.0000,0.0000,0.4516
3445.6000,0.0000,0.0000,0.0000,0.0000,0.4516
3445.7000,0.0000,0.0000,0.0000,0.0000,0.4516
3445.8000,0.0000,0.0000,0.0000,0.0000,0.4516
3445.9000,0.0000,0.0000,0.0000,0.0000,0.4516
3446.0000,0.0000,0.0000,0.0000,0.0000,0.4516
3446.1000,0.0000,0.0000,0.0000,0.0000,0.4516
3446.2000,0.0000,0.0000,0.0000,0.0000,0.4516
3446.3000,0.0000,0.0000,0.0000,0.0000,0.4516
3446.4000,0.0000,0.0000,0.0000,0.0000,0.4515
3446.5000,0.0000,0.0000,0.0000,0.0000,0.4515
3446.6000,0.0000,0.0000,0.0000,0.0000,0.4515
3446.7000,0.0000,0.0000,0.0000,0.0000,0.4515
3446.8000,0.0000,0.0000,0.0000,0.0000,0.4515
3446.9000,0.0000,0.0000,0.0000,0.0000,0.4515
3447.0000,0.0000,0.0000,0.0000,0.0000,0.4515
3447.1000,0.0000,0.0000,0.0000,0.0000,0.4515
3447.2000,0.0000,0.0000,0.0000,0.0000,0.4515
3447.3000,0.0000,0.0000,0.0000,0.0000,0.4515
3447.4000,0.0000,0.0000,0.0000,0.0000,0.4515
3447.5000,0.0000,0.0000,0.0000,0.0000,0.4515
3447.6000,0.0000,0.0000,0.0000,0.0000,0.4515
3447.7000,0.0000,0.0000,0.0000,0.0000,0.4515
3447.8000,0.0000,0.0000,0.0000,0.0000,0.4515
3447.9000,0.0000,0.0000,0.0000,0.0000,0.4515
3448.0000,0.0000,0.0000,0.0000,0.0000,0.4515
3448.1000,0.0000,0.0000,0.0000,0.0000,0.4515
3448.2000,0.0000,0.0000,0.0000,0.0000,0.4515
3448.3000,0.0000,0.0000,0.0000,0.0000,0.4514
3448.4000,0.0000,0.0000,0.0000,0.0000,0.4514
3448.5000,0.0000,0.0000,0.0000,0.0000,0.4514
3448.6000,0.0000,0.0000,0.0000,0.0000,0.4514
3448.7000,0.0000,0.0000,0.0000,0.0000,0.4514
3448.8000,0.0000,0.0000,0.0000,0.0000,0.4514
3448.9000,0.0000,0.0000,0.0000,0.0000,0.4514
3449.0000,0.0000,0.0000,0.0000,0.0000,0.4514
3449.1000,0.0000,0.0000,0.0000,0.0000,0.4514
3449.2000,0.0000,0.0000,0.0000,0.0000,0.4514
3449.3000,0.0000,0.0000,0.0000,0.0000,0.4514
3449.4000,0.0000,0.0000,0.0000,0.0000,0.4514
3449.5000,0.0000,0.0000,0.0000,0.0000,0.4514
3449.6000,0.0000,0.0000,0.0000,0.0000,0.4514
3449.7000,0.0000,0.0000,0.0000,0.0000,0.4514
3449.8000,0.0000,0.0000,0.0000,0.0000,0.4514
3449.9000,0.0000,0.0000,0.0000,0.0000,0.4514
3450.0000,0.0000,0.0000,0.0000,0.0000,0.4514
3450.1000,0.0000,0.0000,0.0000,0.0000,0.4514
3450.2000,0.0000,0.0000,0.0000,0.0000,0.4513
3450.3000,0.0000,0.0000,0.0000,0.0000,0.4513
3450.4000,0.0000,0.0000,0.0000,0.0000,0.4513
3450.5000,0.0000,0.0000,0.0000,0.0000,0.4513
3450.6000,0.0000,0.0000,0.0000,0.0000,0.4513
3450.7000,0.0000,0.0000,0.0000,0.0000,0.4513
3450.8000,0.0000,0.0000,0.0000,0.0000,0.4513
3450.9000,0.0000,0.0000,0.0000,0.0000,0.4513
3451.0000,0.0000,0.0000,0.0000,0.0000,0.4513
3451.1000,0.0000,0.0000,0.0000,0.0000,0.4513
3451.2000,0.0000,0.0000,0.0000,0.0000,0.4513
3451.3000,0.0000,0.0000,0.0000,0.0000,0.4513
3451.4000,0.0000,0.0000,0.0000,0.0000,0.4513
3451.5000,0.0000,0.0000,0.0000,0.0000,0.4513
3451.6000,0.0000,0.0000,0.0000,0.0000,0.4513
3451.7000,0.0000,0.0000,0.0000,0.0000,0.4513
3451.8000,0.0000,0.0000,0.0000,0.0000,0.4513
3451.9000,0.0000,0.0000,0.0000,0.0000,0.4513
3452.0000,0.0000,0.0000,0.0000,0.0000,0.4513
3452.1000,0.0000,0.0000,0.0000,0.0000,0.4513
3452.2000,0.0000,0.0000,0.0000,0.0000,0.4512
3452.3000,0.0000,0.0000,0.0000,0.0000,0.4512
3452.4000,0.0000,0.0000,0.0000,0.0000,0.4512
3452.5000,0.0000,0.0000,0.0000,0.0000,0.4512
3452.6000,0.0000,0.0000,0.0000,0.0000,0.4512
3452.7000,0.0000,0.0000,0.0000,0.0000,0.4512
3452.8000,0.0000,0.0000,0.0000,0.0000,0.4512
3452.9000,0.0000,0.0000,0.0000,0.0000,0.4512
3453.0000,0.0000,0.0000,0.0000,0.0000,0.4512
3453.1000,0.0000,0.0000,0.0000,0.0000,0.4512
3453.2000,0.0000,0.0000,0.0000,0.0000,0.4512
3453.3000,0.0000,0.0000,0.0000,0.0000,0.4512
3453.4000,0.0000,0.0000,0.0000,0.0000,0.4512
3453.5000,0.0000,0.0000,0.0000,0.0000,0.4512
3453.6000,0.0000,0.0000,0.0000,0.0000,0.4512
3453.7000,0.0000,0.0000,0.0000,0.0000,0.4512
3453.8000,0.0000,0.0000,0.0000,0.0000,0.4512
3453.9000,0.0000,0.0000,0.0000,0.0000,0.4512
3454.0000,0.0000,0.0000,0.0000,0.0000,0.4512
3454.1000,0.0000,0.0000,0.0000,0.0000,0.4511
3454.2000,0.0000,0.0000,0.0000,0.0000,0.4511
3454.3000,0.0000,0.0000,0.0000,0.0000,0.4511
3454.4000,0.0000,0.0000,0.0000,0.0000,0.4511
3454.5000,0.0000,0.0000,0.0000,0.0000,0.4511
3454.6000,0.0000,0.0000,0.0000,0.0000,0.4511
3454.7000,0.0000,0.0000,0.0000,0.0000,0.4511
3454.8000,0.0000,0.0000,0.0000,0.0000,0.4511
3454.9000,0.0000,0.0000,0.0000,0.0000,0.4511
3455.0000,0.0000,0.0000,0.0000,0.0000,0.4511
3455.1000,0.0000,0.0000,0.0000,0.0000,0.4511
3455.2000,0.0000,0.0000,0.0000,0.0000,0.4511
3455.3000,0.0000,0.0000,0.0000,0.0000,0.4511
3455.4000,0.0000,0.0000,0.0000,0.0000,0.4511
3455.5000,0.0000,0.0000,0.0000,0.0000,0.4511
3455.6000,0.0000,0.0000,0.0000,0.0000,0.4511
3455.7000,0.0000,0.0000,0.0000,0.0000,0.4511
3455.8000,0.0000,0.0000,0.0000,0.0000,0.4511
3455.9000,0.0000,0.0000,0.0000,0.0000,0.4511
3456.0000,0.0000,0.0000,0.0000,0.0000,0.4510
3456.1000,0.0000,0.0000,0.0000,0.0000,0.4510
3456.2000,0.0000,0.0000,0.0000,0.0000,0.4510
3456.3000,0.0000,0.0000,0.0000,0.0000,0.4510
3456.4000,0.0000,0.0000,0.0000,0.0000,0.4510
3456.5000,0.0000,0.0000,0.0000,0.0000,0.4510
3456.6000,0.0000,0.0000,0.0000,0.0000,0.4510
3456.7000,0.0000,0.0000,0.0000,0.0000,0.4510
3456.8000,0.0000,0.0000,0.0000,0.0000,0.4510
3456.9000,0.0000,0.0000,0.0000,0.0000,0.4510
3457.0000,0.0000,0.0000,0.0000,0.0000,0.4510
3457.1000,0.0000,0.0000,0.0000,0.0000,0.4510
3457.2000,0.0000,0.0000,0.0000,0.0000,0.4510
3457.3000,0.0000,0.0000,0.0000,0.0000,0.4510
3457.4000,0.0000,0.0000,0.0000,0.0000,0.4510
3457.5000,0.0000,0.0000,0.0000,0.0000,0.4510
3457.6000,0.0000,0.0000,0.0000,0.0000,0.4510
3457.7000,0.0000,0.0000,0.0000,0.0000,0.4510
3457.8000,0.0000,0.0000,0.0000,0.0000,0.4510
3457.9000,0.0000,0.0000,0.0000,0.0000,0.4510
3458.0000,0.0000,0.0000,0.0000,0.0000,0.4509
3458.1000,0.0000,0.0000,0.0000,0.0000,0.4509
3458.2000,0.0000,0.0000,0.0000,0.0000,0.4509
3458.3000,0.0000,0.0000,0.0000,0.0000,0.4509
3458.4000,0.0000,0.0000,0.0000,0.0000,0.4509
3458.5000,0.0000,0.0000,0.0000,0.0000,0.4509
3458.6000,0.0000,0.0000,0.0000,0.0000,0.4509
3458.7000,0.0000,0.0000,0.0000,0.0000,0.4509
3458.8000,0.0000,0.0000,0.0000,0.0000,0.4509
3458.9000,0.0000,0.0000,0.0000,0.0000,0.4509
3459.0000,0.0000,0.0000,0.0000,0.0000,0.4509
3459.1000,0.0000,0.0000,0.0000,0.0000,0.4509
3459.2000,0.0000,0.0000,0.0000,0.0000,0.4509
3459.3000,0.0000,0.0000,0.0000,0.0000,0.4509
3459.4000,0.0000,0.0000,0.0000,0.0000,0.4509
3459.5000,0.0000,0.0000,0.0000,0.0000,0.4509
3459.6000,0.0000,0.0000,0.0000,0.0000,0.4509
3459.7000,0.0000,0.0000,0.0000,0.0000,0.4509
3459.8000,0.0000,0.0000,0.0000,0.0000,0.4509
3459.9000,0.0000,0.0000,0.0000,0.0000,0.4508
3460.0000,0.0000,0.0000,0.0000,0.0000,0.4508
3460.1000,0.0000,0.0000,0.0000,0.0000,0.4508
3460.2000,0.0000,0.0000,0.0000,0.0000,0.4508
3460.3000,0.0000,0.0000,0.0000,0.0000,0.4508
3460.4000,0.0000,0.0000,0.0000,0.0000,0.4508
3460.5000,0.0000,0.0000,0.0000,0.0000,0.4508
3460.6000,0.0000,0.0000,0.0000,0.0000,0.4508
3460.7000,0.0000,0.0000,0.0000,0.0000,0.4508
3460.8000,0.0000,0.0000,0.0000,0.0000,0.4508
3460.9000,0.0000,0.0000,0.0000,0.0000,0.4508
3461.0000,0.0000,0.0000,0.0000,0.0000,0.4508
3461.1000,0.0000,0.0000,0.0000,0.0000,0.4508
3461.2000,0.0000,0.0000,0.0000,0.0000,0.4508
3461.3000,0.0000,0.0000,0.0000,0.0000,0.4508
3461.4000,0.0000,0.0000,0.0000,0.0000,0.4508
3461.5000,0.0000,0.0000,0.0000,0.0000,0.4508
3461.6000,0.0000,0.0000,0.0000,0.0000,0.4508
3461.7000,0.0000,0.0000,0.0000,0.0000,0.4508
3461.8000,0.0000,0.0000,0.0000,0.0000,0.4507
3461.9000,0.0000,0.0000,0.0000,0.0000,0.4507
3462.0000,0.0000,0.0000,0.0000,0.0000,0.4507
3462.1000,0.0000,0.0000,0.0000,0.0000,0.4507
3462.2000,0.0000,0.0000,0.0000,0.0000,0.4507
3462.3000,0.0000,0.0000,0.0000,0.0000,0.4507
3462.4000,0.0000,0.0000,0.0000,0.0000,0.4507
3462.5000,0.0000,0.0000,0.0000,0.0000,0.4507
3462.6000,0.0000,0.0000,0.0000,0.0000,0.4507
3462.7000,0.0000,0.0000,0.0000,0.0000,0.4507
3462.8000,0.0000,0.0000,0.0000,0.0000,0.4507
3462.9000,0.0000,0.0000,0.0000,0.0000,0.4507
3463.0000,0.0000,0.0000,0.0000,0.0000,0.4507
3463.1000,0.0000,0.0000,0.0000,0.0000,0.4507
3463.2000,0.0000,0.0000,0.0000,0.0000,0.4507
3463.3000,0.0000,0.0000,0.0000,0.0000,0.4507
3463.4000,0.0000,0.0000,0.0000,0.0000,0.4507
3463.5000,0.0000,0.0000,0.0000,0.0000,0.4507
3463.6000,0.0000,0.0000,0.0000,0.0000,0.4507
3463.7000,0.0000,0.0000,0.0000,0.0000,0.4507
3463.8000,0.0000,0.0000,0.0000,0.0000,0.4506
3463.9000,0.0000,0.0000,0.0000,0.0000,0.4506
3464.0000,0.0000,0.0000,0.0000,0.0000,0.4506
3464.1000,0.0000,0.0000,0.0000,0.0000,0.4506
3464.2000,0.0000,0.0000,0.0000,0.0000,0.4506
3464.3000,0.0000,0.0000,0.0000,0.0000,0.4506
3464.4000,0.0000,0.0000,0.0000,0.0000,0.4506
3464.5000,0.0000,0.0000,0.0000,0.0000,0.4506
3464.6000,0.0000,0.0000,0.0000,0.0000,0.4506
3464.7000,0.0000,0.0000,0.0000,0.0000,0.4506
3464.8000,0.0000,0.0000,0.0000,0.0000,0.4506
3464.9000,0.0000,0.0000,0.0000,0.0000,0.4506
3465.0000,0.0000,0.0000,0.0000,0.0000,0.4506
3465.1000,0.0000,0.0000,0.0000,0.0000,0.4506
3465.2000,0.0000,0.0000,0.0000,0.0000,0.4506
3465.3000,0.0000,0.0000,0.0000,0.0000,0.4506
3465.4000,0.0000,0.0000,0.0000,0.0000,0.4506
3465.5000,0.0000,0.0000,0.0000,0.0000,0.4506
3465.6000,0.0000,0.0000,0.0000,0.0000,0.4506
3465.7000,0.0000,0.0000,0.0000,0.0000,0.4505
3465.8000,0.0000,0.0000,0.0000,0.0000,0.4505
3465.9000,0.0000,0.0000,0.0000,0.0000,0.4505
3466.0000,0.0000,0.0000,0.0000,0.0000,0.4505
3466.1000,0.0000,0.0000,0.0000,0.0000,0.4505
3466.2000,0.0000,0.0000,0.0000,0.0000,0.4505
3466.3000,0.0000,0.0000,0.0000,0.0000,0.4505
3466.4000,0.0000,0.0000,0.0000,0.0000,0.4505
3466.5000,0.0000,0.0000,0.0000,0.0000,0.4505
3466.6000,0.0000,0.0000,0.0000,0.0000,0.4505
3466.7000,0.0000,0.0000,0.0000,0.0000,0.4505
3466.8000,0.0000,0.0000,0.0000,0.0000,0.4505
3466.9000,0.0000,0.0000,0.0000,0.0000,0.4505
3467.0000,0.0000,0.0000,0.0000,0.0000,0.4505
3467.1000,0.0000,0.0000,0.0000,0.0000,0.4505
3467.2000,0.0000,0.0000,0.0000,0.0000,0.4505
3467.3000,0.0000,0.0000,0.0000,0.0000,0.4505
3467.4000,0.0000,0.0000,0.0000,0.0000,0.4505
3467.5000,0.0000,0.0000,0.0000,0.0000,0.4505
3467.6000,0.0000,0.0000,0.0000,0.0000,0.4504
3467.7000,0.0000,0.0000,0.0000,0.0000,0.4504
3467.8000,0.0000,0.0000,0.0000,0.0000,0.4504
3467.9000,0.0000,0.0000,0.0000,0.0000,0.4504
3468.0000,0.0000,0.0000,0.0000,0.0000,0.4504
3468.1000,0.0000,0.0000,0.0000,0.0000,0.4504
3468.2000,0.0000,0.0000,0.0000,0.0000,0.4504
3468.3000,0.0000,0.0000,0.0000,0.0000,0.4504
3468.4000,0.0000,0.0000,0.0000,0.0000,0.4504
3468.5000,0.0000,0.0000,0.0000,0.0000,0.4504
3468.6000,0.0000,0.0000,0.0000,0.0000,0.4504
3468.7000,0.0000,0.0000,0.0000,0.0000,0.4504
3468.8000,0.0000,0.0000,0.0000,0.0000,0.4504
3468.9000,0.0000,0.0000,0.0000,0.0000,0.4504
3469.0000,0.0000,0.0000,0.0000,0.0000,0.4504
3469.1000,0.0000,0.0000,0.0000,0.0000,0.4504
3469.2000,0.0000,0.0000,0.0000,0.0000,0.4504
3469.3000,0.0000,0.0000,0.0000,0.0000,0.4504
3469.4000,0.0000,0.0000,0.0000,0.0000,0.4504
3469.5000,0.0000,0.0000,0.0000,0.0000,0.4504
3469.6000,0.0000,0.0000,0.0000,0.0000,0.4503
3469.7000,0.0000,0.0000,0.0000,0.0000,0.4503
3469.8000,0.0000,0.0000,0.0000,0.0000,0.4503
3469.9000,0.0000,0.0000,0.0000,0.0000,0.4503
3470.0000,0.0000,0.0000,0.0000,0.0000,0.4503
3470.1000,0.0000,0.0000,0.0000,0.0000,0.4503
3470.2000,0.0000,0.0000,0.0000,0.0000,0.4503
3470.3000,0.0000,0.0000,0.0000,0.0000,0.4503
3470.4000,0.0000,0.0000,0.0000,0.0000,0.4503
3470.5000,0.0000,0.0000,0.0000,0.0000,0.4503
3470.6000,0.0000,0.0000,0.0000,0.0000,0.4503
3470.7000,0.0000,0.0000,0.0000,0.0000,0.4503
3470.8000,0.0000,0.0000,0.0000,0.0000,0.4503
3470.9000,0.0000,0.0000,0.0000,0.0000,0.4503
3471.0000,0.0000,0.0000,0.0000,0.0000,0.4503
3471.1000,0.0000,0.0000,0.0000,0.0000,0.4503
3471.2000,0.0000,0.0000,0.0000,0.0000,0.4503
3471.3000,0.0000,0.0000,0.0000,0.0000,0.4503
3471.4000,0.0000,0.0000,0.0000,0.0000,0.4503
3471.5000,0.0000,0.0000,0.0000,0.0000,0.4502
3471.6000,0.0000,0.0000,0.0000,0.0000,0.4502
3471.7000,0.0000,0.0000,0.0000,0.0000,0.4502
3471.8000,0.0000,0.0000,0.0000,0.0000,0.4502
3471.9000,0.0000,0.0000,0.0000,0.0000,0.4502
3472.0000,0.0000,0.0000,0.0000,0.0000,0.4502
3472.1000,0.0000,0.0000,0.0000,0.0000,0.4502
3472.2000,0.0000,0.0000,0.0000,0.0000,0.4502
3472.3000,0.0000,0.0000,0.0000,0.0000,0.4502
3472.4000,0.0000,0.0000,0.0000,0.0000,0.4502
3472.5000,0.0000,0.0000,0.0000,0.0000,0.4502
3472.6000,0.0000,0.0000,0.0000,0.0000,0.4502
3472.7000,0.0000,0.0000,0.0000,0.0000,0.4502
3472.8000,0.0000,0.0000,0.0000,0.0000,0.4502
3472.9000,0.0000,0.0000,0.0000,0.0000,0.4502
3473.0000,0.0000,0.0000,0.0000,0.0000,0.4502
3473.1000,0.0000,0.0000,0.0000,0.0000,0.4502
3473.2000,0.0000,0.0000,0.0000,0.0000,0.4502
3473.3000,0.0000,0.0000,0.0000,0.0000,0.4502
3473.4000,0.0000,0.0000,0.0000,0.0000,0.4501
3473.5000,0.0000,0.0000,0.0000,0.0000,0.4501
3473.6000,0.0000,0.0000,0.0000,0.0000,0.4501
3473.7000,0.0000,0.0000,0.0000,0.0000,0.4501
3473.8000,0.0000,0.0000,0.0000,0.0000,0.4501
3473.9000,0.0000,0.0000,0.0000,0.0000,0.4501
3474.0000,0.0000,0.0000,0.0000,0.0000,0.4501
3474.1000,0.0000,0.0000,0.0000,0.0000,0.4501
3474.2000,0.0000,0.0000,0.0000,0.0000,0.4501
3474.3000,0.0000,0.0000,0.0000,0.0000,0.4501
3474.4000,0.0000,0.0000,0.0000,0.0000,0.4501
3474.5000,0.0000,0.0000,0.0000,0.0000,0.4501
3474.6000,0.0000,0.0000,0.0000,0.0000,0.4501
3474.7000,0.0000,0.0000,0.0000,0.0000,0.4501
3474.8000,0.0000,0.0000,0.0000,0.0000,0.4501
3474.9000,0.0000,0.0000,0.0000,0.0000,0.4501
3475.0000,0.0000,0.0000,0.0000,0.0000,0.4501
3475.1000,0.0000,0.0000,0.0000,0.0000,0.4501
3475.2000,0.0000,0.0000,0.0000,0.0000,0.4501
3475.3000,0.0000,0.0000,0.0000,0.0000,0.4501
3475.4000,0.0000,0.0000,0.0000,0.0000,0.4500
3475.5000,0.0000,0.0000,0.0000,0.0000,0.4500
3475.6000,0.0000,0.0000,0.0000,0.0000,0.4500
3475.7000,0.0000,0.0000,0.0000,0.0000,0.4500
3475.8000,0.0000,0.0000,0.0000,0.0000,0.4500
3475.9000,0.0000,0.0000,0.0000,0.0000,0.4500
3476.0000,0.0000,0.0000,0.0000,0.0000,0.4500
3476.1000,0.0000,0.0000,0.0000,0.0000,0.4500
3476.2000,0.0000,0.0000,0.0000,0.0000,0.4500
3476.3000,0.0000,0.0000,0.0000,0.0000,0.4500
3476.4000,0.0000,0.0000,0.0000,0.0000,0.4500
3476.5000,0.0000,0.0000,0.0000,0.0000,0.4500
3476.6000,0.0000,0.0000,0.0000,0.0000,0.4500
3476.7000,0.0000,0.0000,0.0000,0.0000,0.4500
3476.8000,0.0000,0.0000,0.0000,0.0000,0.4500
3476.9000,0.0000,0.0000,0.0000,0.0000,0.4500
3477.0000,0.0000,0.0000,0.0000,0.0000,0.4500
3477.1000,0.0000,0.0000,0.0000,0.0000,0.4500
3477.2000,0.0000,0.0000,0.0000,0.0000,0.4500
3477.3000,0.0000,0.0000,0.0000,0.0000,0.4499
3477.4000,0.0000,0.0000,0.0000,0.0000,0.4499
3477.5000,0.0000,0.0000,0.0000,0.0000,0.4499
3477.6000,0.0000,0.0000,0.0000,0.0000,0.4499
3477.7000,0.0000,0.0000,0.0000,0.0000,0.4499
3477.8000,0.0000,0.0000,0.0000,0.0000,0.4499
3477.9000,0.0000,0.0000,0.0000,0.0000,0.4499
3478.0000,0.0000,0.0000,0.0000,0.0000,0.4499
3478.1000,0.0000,0.0000,0.0000,0.0000,0.4499
3478.2000,0.0000,0.0000,0.0000,0.0000,0.4499
3478.3000,0.0000,0.0000,0.0000,0.0000,0.4499
3478.4000,0.0000,0.0000,0.0000,0.0000,0.4499
3478.5000,0.0000,0.0000,0.0000,0.0000,0.4499
3478.6000,0.0000,0.0000,0.0000,0.0000,0.4499
3478.7000,0.0000,0.0000,0.0000,0.0000,0.4499
3478.8000,0.0000,0.0000,0.0000,0.0000,0.4499
3478.9000,0.0000,0.0000,0.0000,0.0000,0.4499
3479.0000,0.0000,0.0000,0.0000,0.0000,0.4499
3479.1000,0.0000,0.0000,0.0000,0.0000,0.4499
3479.2000,0.0000,0.0000,0.0000,0.0000,0.4498
3479.3000,0.0000,0.0000,0.0000,0.0000,0.4498
3479.4000,0.0000,0.0000,0.0000,0.0000,0.4498
3479.5000,0.0000,0.0000,0.0000,0.0000,0.4498
3479.6000,0.0000,0.0000,0.0000,0.0000,0.4498
3479.7000,0.0000,0.0000,0.0000,0.0000,0.4498
3479.8000,0.0000,0.0000,0.0000,0.0000,0.4498
3479.9000,0.0000,0.0000,0.0000,0.0000,0.4498
3480.0000,0.0000,0.0000,0.0000,0.0000,0.4498
3480.1000,0.0000,0.0000,0.0000,0.0000,0.4498
3480.2000,0.0000,0.0000,0.0000,0.0000,0.4498
3480.3000,0.0000,0.0000,0.0000,0.0000,0.4498
3480.4000,0.0000,0.0000,0.0000,0.0000,0.4498
3480.5000,0.0000,0.0000,0.0000,0.0000,0.4498
3480.6000,0.0000,0.0000,0.0000,0.0000,0.4498
3480.7000,0.0000,0.0000,0.0000,0.0000,0.4498
3480.8000,0.0000,0.0000,0.0000,0.0000,0.4498
3480.9000,0.0000,0.0000,0.0000,0.0000,0.4498
3481.0000,0.0000,0.0000,0.0000,0.0000,0.4498
3481.1000,0.0000,0.0000,0.0000,0.0000,0.4498
3481.2000,0.0000,0.0000,0.0000,0.0000,0.4497
3481.3000,0.0000,0.0000,0.0000,0.0000,0.4497
3481.4000,0.0000,0.0000,0.0000,0.0000,0.4497
3481.5000,0.0000,0.0000,0.0000,0.0000,0.4497
3481.6000,0.0000,0.0000,0.0000,0.0000,0.4497
3481.7000,0.0000,0.0000,0.0000,0.0000,0.4497
3481.8000,0.0000,0.0000,0.0000,0.0000,0.4497
3481.9000,0.0000,0.0000,0.0000,0.0000,0.4497
3482.0000,0.0000,0.0000,0.0000,0.0000,0.4497
3482.1000,0.0000,0.0000,0.0000,0.0000,0.4497
3482.2000,0.0000,0.0000,0.0000,0.0000,0.4497
3482.3000,0.0000,0.0000,0.0000,0.0000,0.4497
3482.4000,0.0000,0.0000,0.0000,0.0000,0.4497
3482.5000,0.0000,0.0000,0.0000,0.0000,0.4497
3482.6000,0.0000,0.0000,0.0000,0.0000,0.4497
3482.7000,0.0000,0.0000,0.0000,0.0000,0.4497
3482.8000,0.0000,0.0000,0.0000,0.0000,0.4497
3482.9000,0.0000,0.0000,0.0000,0.0000,0.4497
3483.0000,0.0000,0.0000,0.0000,0.0000,0.4497
3483.1000,0.0000,0.0000,0.0000,0.0000,0.4496
3483.2000,0.0000,0.0000,0.0000,0.0000,0.4496
3483.3000,0.0000,0.0000,0.0000,0.0000,0.4496
3483.4000,0.0000,0.0000,0.0000,0.0000,0.4496
3483.5000,0.0000,0.0000,0.0000,0.0000,0.4496
3483.6000,0.0000,0.0000,0.0000,0.0000,0.4496
3483.7000,0.0000,0.0000,0.0000,0.0000,0.4496
3483.8000,0.0000,0.0000,0.0000,0.0000,0.4496
3483.9000,0.0000,0.0000,0.0000,0.0000,0.4496
3484.0000,0.0000,0.0000,0.0000,0.0000,0.4496
3484.1000,0.0000,0.0000,0.0000,0.0000,0.4496
3484.2000,0.0000,0.0000,0.0000,0.0000,0.4496
3484.3000,0.0000,0.0000,0.0000,0.0000,0.4496
3484.4000,0.0000,0.0000,0.0000,0.0000,0.4496
3484.5000,0.0000,0.0000,0.0000,0.0000,0.4496
3484.6000,0.0000,0.0000,0.0000,0.0000,0.4496
3484.7000,0.0000,0.0000,0.0000,0.0000,0.4496
3484.8000,0.0000,0.0000,0.0000,0.0000,0.4496
3484.9000,0.0000,0.0000,0.0000,0.0000,0.4496
3485.0000,0.0000,0.0000,0.0000,0.0000,0.4496
3485.1000,0.0000,0.0000,0.0000,0.0000,0.4495
